,0
0,https://www.tripadvisor.co.uk/Hotel_Review-g6502036-d6499756-Reviews-Plush_Tents_Glamping_Yurt_Village-East_Ashling_Chichester_West_Sussex_England.html#REVIEWS
1,https://www.tripadvisor.co.uk/Hotel_Review-g616269-d4341510-Reviews-Herding_Hill_Farm_Camping_Glamping_Site-Haltwhistle_Northumberland_England.html#REVIEWS
2,https://www.tripadvisor.co.uk/Hotel_Review-g190767-d1209729-Reviews-Langstone_Manor_Holiday_Park_Cottages-Tavistock_Dartmoor_National_Park_Devon_England.html#REVIEWS
3,https://www.tripadvisor.co.uk/Hotel_Review-g5415115-d5071930-Reviews-Mill_Farm_Glamping-Poulshot_Devizes_Wiltshire_England.html#REVIEWS
4,https://www.tripadvisor.co.uk/Hotel_Review-g2092683-d1416604-Reviews-The_Dandelion_Hideaway-Osbaston_Leicestershire_England.html#REVIEWS
5,https://www.tripadvisor.co.uk/Hotel_Review-g186222-d12318907-Reviews-Wingbury_Farm_Glamping-Aylesbury_Aylesbury_Vale_Buckinghamshire_England.html#REVIEWS
6,https://www.tripadvisor.co.uk/Hotel_Review-g2167879-d6945249-Reviews-Kits_Coty_Glamping-Aylesford_Kent_England.html#REVIEWS
7,https://www.tripadvisor.co.uk/Hotel_Review-g551809-d3497449-Reviews-Loch_Ness_Glamping-Drumnadrochit_Loch_Ness_Region_Scottish_Highlands_Scotland.html#REVIEWS
8,https://www.tripadvisor.co.uk/Hotel_Review-g552047-d2193393-Reviews-Not_Just_Any_Tent-Haverfordwest_Pembrokeshire_Wales.html#REVIEWS
9,https://www.tripadvisor.co.uk/Hotel_Review-g635902-d2166371-Reviews-Boswarthen_farm-Madron_Penzance_Cornwall_England.html#REVIEWS
10,https://www.tripadvisor.co.uk/Hotel_Review-g186264-d3198112-Reviews-Caalm_Camp-Shaftesbury_Dorset_England.html#REVIEWS
11,https://www.tripadvisor.co.uk/Hotel_Review-g1096480-d7198201-Reviews-The_Quiet_Site-Watermillock_Lake_District_Cumbria_England.html#REVIEWS
12,https://www.tripadvisor.co.uk/Hotel_Review-g1631810-d1631617-Reviews-Woodside_B_B_Spa_and_Glamping-Staplecross_East_Sussex_England.html#REVIEWS
13,https://www.tripadvisor.co.uk/Hotel_Review-g186373-d1426068-Reviews-Old_Oaks_Touring_Park_and_Glamping-Glastonbury_Somerset_England.html#REVIEWS
14,https://www.tripadvisor.co.uk/Hotel_Review-g1041941-d7606112-Reviews-Catgill_Farm_Camping_and_Glamping-Bolton_Abbey_Yorkshire_Dales_National_Park_North_Yo.html#REVIEWS
15,https://www.tripadvisor.co.uk/Hotel_Review-g504098-d4923897-Reviews-Greenway_Touring_Glamping_Park-Craven_Arms_Shropshire_England.html#REVIEWS
16,https://www.tripadvisor.co.uk/Hotel_Review-g187056-d4027759-Reviews-Knight_s_Glamping_at_Leeds_Castle-Maidstone_Kent_England.html#REVIEWS
17,https://www.tripadvisor.co.uk/Hotel_Review-g1068806-d10755459-Reviews-Borders_Glamping-Newcastleton_Scottish_Borders_Scotland.html#REVIEWS
18,https://www.tripadvisor.co.uk/Hotel_Review-g1760373-d1757738-Reviews-Jollydays_Glamping-Scrayingham_North_Yorkshire_England.html#REVIEWS
19,https://www.tripadvisor.co.uk/Hotel_Review-g186264-d2354540-Reviews-Dorset_Country_Holidays_Glamping-Shaftesbury_Dorset_England.html#REVIEWS
20,https://www.tripadvisor.co.uk/Hotel_Review-g7144415-d7305072-Reviews-Penhein_Glamping-Llanvair_Discoed_Chepstow_Monmouthshire_South_Wales_Wales.html#REVIEWS
21,https://www.tripadvisor.co.uk/Hotel_Review-g186537-d1636259-Reviews-Eriskay_Aviemore_B_B_and_Glamping-Aviemore_Aviemore_and_the_Cairngorms_Scottish_Highla.html#REVIEWS
22,https://www.tripadvisor.co.uk/Hotel_Review-g186482-d1625206-Reviews-Carrowmena_Activity_Centre_and_Glamping-Derry_County_Londonderry_Northern_Ireland.html#REVIEWS
23,https://www.tripadvisor.co.uk/Hotel_Review-g190788-d10826541-Reviews-Swallow_Park-Great_Yarmouth_Norfolk_East_Anglia_England.html#REVIEWS
24,https://www.tripadvisor.co.uk/Hotel_Review-g187056-d15709867-Reviews-Glamping_at_Rankins_Farm-Maidstone_Kent_England.html#REVIEWS
25,https://www.tripadvisor.co.uk/Hotel_Review-g2173686-d2337014-Reviews-Drybeck_Farm-Armathwaite_Carlisle_Cumbria_England.html#REVIEWS
26,https://www.tripadvisor.co.uk/Hotel_Review-g3463650-d9990068-Reviews-Hidden_Meadows-Barnby_Suffolk_East_Anglia_England.html#REVIEWS
27,https://www.tripadvisor.co.uk/Hotel_Review-g2717720-d10014533-Reviews-Slades_Farm_Bed_and_Breakfast_with_Luxury_Glamping-Edington_Westbury_Wiltshire_Engla.html#REVIEWS
28,https://www.tripadvisor.co.uk/Hotel_Review-g2137387-d10235059-Reviews-Top_of_the_Woods_Camping_Glamping-Boncath_Pembrokeshire_Wales.html#REVIEWS
29,https://www.tripadvisor.co.uk/Hotel_Review-g1096490-d16870744-Reviews-Delny_Glamping-Invergordon_Scottish_Highlands_Scotland.html#REVIEWS
30,https://www.tripadvisor.co.uk/Hotel_Review-g190758-d4187283-Reviews-Glamping_Thorpe-Banbury_Oxfordshire_England.html#REVIEWS
31,https://www.tripadvisor.co.uk/Hotel_Review-g4324038-d4324040-Reviews-HEREFORDSHIRE_GLAMPING-Ivington_Herefordshire_England.html#REVIEWS
32,https://www.tripadvisor.co.uk/Hotel_Review-g186454-d6109768-Reviews-Wye_Glamping-Brecon_Brecon_Beacons_National_Park_Wales.html#REVIEWS
33,https://www.tripadvisor.co.uk/Hotel_Review-g186537-d5850121-Reviews-Aviemore_Glamping-Aviemore_Aviemore_and_the_Cairngorms_Scottish_Highlands_Scotland.html#REVIEWS
34,https://www.tripadvisor.co.uk/Hotel_Review-g504115-d3813898-Reviews-Secret_Valley-Bridgwater_Somerset_England.html#REVIEWS
35,https://www.tripadvisor.co.uk/Hotel_Review-g3342997-d3243305-Reviews-Box_Tree_Farm_Camping_Cabins-Wennington_Lancaster_District_Lancashire_England.html#REVIEWS
36,https://www.tripadvisor.co.uk/Hotel_Review-g2173686-d21187028-Reviews-Eden_Valley_Glamping-Armathwaite_Carlisle_Cumbria_England.html#REVIEWS
37,https://www.tripadvisor.co.uk/Hotel_Review-g1653210-d21226059-Reviews-Sycamore_Cottage_Glamping_Pods-Barrasford_Northumberland_England.html#REVIEWS
38,https://www.tripadvisor.co.uk/Hotel_Review-g1426109-d2141167-Reviews-Cuckoo_Down_Farm-Ottery_St_Mary_Devon_England.html#REVIEWS
39,https://www.tripadvisor.co.uk/Hotel_Review-g209964-d6728862-Reviews-Botany_Camping-Warminster_Wiltshire_England.html#REVIEWS
40,https://www.tripadvisor.co.uk/Hotel_Review-g4181507-d13190726-Reviews-Horsley_Hale_Farm_Glamping_Events-Littleport_Cambridgeshire_England.html#REVIEWS
41,https://www.tripadvisor.co.uk/Hotel_Review-g551618-d3396380-Reviews-Durrell_Wildlife_Camp-Trinity_Jersey_Channel_Islands.html#REVIEWS
42,https://www.tripadvisor.co.uk/Hotel_Review-g674812-d14888110-Reviews-Llechwedd_Glamping-Blaenau_Ffestiniog_Snowdonia_National_Park_North_Wales_Wales.html#REVIEWS
43,https://www.tripadvisor.co.uk/Hotel_Review-g186324-d13463066-Reviews-Grasmere_Glamping-Grasmere_Lake_District_Cumbria_England.html#REVIEWS
44,https://www.tripadvisor.co.uk/Hotel_Review-g551618-d6767531-Reviews-Durrell_Wildlife_Campsite-Trinity_Jersey_Channel_Islands.html#REVIEWS
45,https://www.tripadvisor.co.uk/Hotel_Review-g209965-d779526-Reviews-Foxfield_Glamping-Bradford_on_Avon_Wiltshire_England.html#REVIEWS
46,https://www.tripadvisor.co.uk/Hotel_Review-g191253-d8419395-Reviews-Beavers_Retreat_Glamping-Tenby_Pembrokeshire_Wales.html#REVIEWS
47,https://www.tripadvisor.co.uk/Hotel_Review-g186424-d8113338-Reviews-Worcester_Glamping-Worcester_Worcestershire_England.html#REVIEWS
48,https://www.tripadvisor.co.uk/Hotel_Review-g551660-d3547505-Reviews-Longlands_Luxury_Glamping-Combe_Martin_Exmoor_National_Park_England.html#REVIEWS
49,https://www.tripadvisor.co.uk/Hotel_Review-g8494713-d19673895-Reviews-Brynteg_Glamping-Brynteg_Anglesey_North_Wales_Wales.html#REVIEWS
50,https://www.tripadvisor.co.uk/Hotel_Review-g186423-d12504134-Reviews-Upsticks_Glamping-Great_Malvern_Malvern_Hills_Worcestershire_England.html#REVIEWS
51,https://www.tripadvisor.co.uk/Hotel_Review-g1141476-d17567365-Reviews-Jurassic_Glamping-Axminster_Devon_England.html#REVIEWS
52,https://www.tripadvisor.co.uk/Hotel_Review-g2406031-d2406032-Reviews-Norfolk_Glamping_Yurt_Holidays-Yaxham_Norfolk_East_Anglia_England.html#REVIEWS
53,https://www.tripadvisor.co.uk/Hotel_Review-g1637035-d4557796-Reviews-Golden_Valley_Glamping-Longtown_Herefordshire_England.html#REVIEWS
54,https://www.tripadvisor.co.uk/Hotel_Review-g1207908-d6548499-Reviews-Hill_Farm_and_Orchard_Wigwams-Leighton_Buzzard_Bedfordshire_England.html#REVIEWS
55,https://www.tripadvisor.co.uk/Hotel_Review-g6513426-d8454445-Reviews-Browning_Bros-Great_Tey_Colchester_Essex_England.html#REVIEWS
56,https://www.tripadvisor.co.uk/Hotel_Review-g680201-d6888217-Reviews-Lantern_Larks_Sweffling_Hall-Saxmundham_Suffolk_East_Anglia_England.html#REVIEWS
57,https://www.tripadvisor.co.uk/Hotel_Review-g1450266-d8524501-Reviews-Hillcroft_Park-Pooley_Bridge_Penrith_Eden_District_Lake_District_Cumbria_England.html#REVIEWS
58,https://www.tripadvisor.co.uk/Hotel_Review-g2019505-d2235197-Reviews-Sopley_Lake_Yurt_Camp-Sopley_Hampshire_England.html#REVIEWS
59,https://www.tripadvisor.co.uk/Hotel_Review-g2431892-d2195633-Reviews-Secret_Cloud_House_Holidays-Cauldon_Low_Staffordshire_England.html#REVIEWS
60,https://www.tripadvisor.co.uk/Hotel_Review-g1233685-d8123706-Reviews-Mrs_Mills_Yurts_May_Hill_Glamping-Longhope_Gloucestershire_England.html#REVIEWS
61,https://www.tripadvisor.co.uk/Hotel_Review-g186264-d12387112-Reviews-Black_Pig_Retreats_Glamping-Shaftesbury_Dorset_England.html#REVIEWS
62,https://www.tripadvisor.co.uk/Hotel_Review-g186476-d15111892-Reviews-Pine_Tree_Hollow_Glamping-Castlewellan_County_Down_Northern_Ireland.html#REVIEWS
63,https://www.tripadvisor.co.uk/Hotel_Review-g2137520-d17679253-Reviews-Carrick_Little_Glamping-Annalong_Kilkeel_County_Down_Northern_Ireland.html#REVIEWS
64,https://www.tripadvisor.co.uk/Hotel_Review-g190799-d1795146-Reviews-Dome_Garden-Coleford_Forest_of_Dean_Gloucestershire_England.html#REVIEWS
65,https://www.tripadvisor.co.uk/Hotel_Review-g1876154-d10628322-Reviews-Longberry_Farm-Bethersden_Kent_England.html#REVIEWS
66,https://www.tripadvisor.co.uk/Hotel_Review-g186342-d8707777-Reviews-Keepers_Meadow-Norwich_Norfolk_East_Anglia_England.html#REVIEWS
67,https://www.tripadvisor.co.uk/Hotel_Review-g2717731-d7986046-Reviews-Lantern_Larks_Exton_Park-Exton_Rutland_England.html#REVIEWS
68,https://www.tripadvisor.co.uk/Hotel_Review-g190738-d14096608-Reviews-Howe_of_Torbeg-Ballater_Aberdeenshire_Scotland.html#REVIEWS
69,https://www.tripadvisor.co.uk/Hotel_Review-g315927-d16923220-Reviews-Shillingridge_Glamping-Marlow_Buckinghamshire_England.html#REVIEWS
70,https://www.tripadvisor.co.uk/Hotel_Review-g4608833-d23464520-Reviews-Coutts_Glamping-Edmonton_Wadebridge_Cornwall_England.html#REVIEWS
71,https://www.tripadvisor.co.uk/Hotel_Review-g1587763-d8342633-Reviews-Rossendale_Holiday_Cottages_Glamping-Rossendale_Lancashire_England.html#REVIEWS
72,https://www.tripadvisor.co.uk/Hotel_Review-g190735-d17601045-Reviews-Swallows_Field_Glamping_Pods-Colchester_Essex_England.html#REVIEWS
73,https://www.tripadvisor.co.uk/Hotel_Review-g315960-d8480087-Reviews-Aller_Farm_Glamping_Holidays-Stockland_Honiton_Devon_England.html#REVIEWS
74,https://www.tripadvisor.co.uk/Hotel_Review-g580411-d8288107-Reviews-Home_Farm_Glamping-Elstree_Hertfordshire_England.html#REVIEWS
75,https://www.tripadvisor.co.uk/Hotel_Review-g1141476-d12064140-Reviews-Lower_Keats_Glamping-Axminster_Devon_England.html#REVIEWS
76,https://www.tripadvisor.co.uk/Hotel_Review-g186299-d12617535-Reviews-Bell_Tent_Glamping-Southampton_Hampshire_England.html#REVIEWS
77,https://www.tripadvisor.co.uk/Hotel_Review-g504016-d8467417-Reviews-Yorkshire_Wolds_Glamping-Weaverthorpe_North_Yorkshire_England.html#REVIEWS
78,https://www.tripadvisor.co.uk/Hotel_Review-g186424-d3192395-Reviews-Apple_Wood_Glamping-Worcester_Worcestershire_England.html#REVIEWS
79,https://www.tripadvisor.co.uk/Hotel_Review-g551956-d1751026-Reviews-Gorsebank_Camping_Village-Dalbeattie_Dumfries_and_Galloway_Scotland.html#REVIEWS
80,https://www.tripadvisor.co.uk/Hotel_Review-g1546257-d2145058-Reviews-Two_Hoots_Campsite-Alresford_Hampshire_England.html#REVIEWS
81,https://www.tripadvisor.co.uk/Hotel_Review-g1473007-d7997047-Reviews-One_Cat_Farm_Glamping-Ciliau_Aeron_Ceredigion_Wales.html#REVIEWS
82,https://www.tripadvisor.co.uk/Hotel_Review-g1421303-d23483379-Reviews-Coxons_Farm_Glamping_Pods-Cracoe_North_Yorkshire_England.html#REVIEWS
83,https://www.tripadvisor.co.uk/Hotel_Review-g642239-d2303644-Reviews-Tigh_an_Each_B_B_Laggan_Glamping-Newtonmore_Aviemore_and_the_Cairngorms_Scottish_Highl.html#REVIEWS
84,https://www.tripadvisor.co.uk/Hotel_Review-g186555-d21072869-Reviews-Balmicheal_Glamping-Isle_of_Arran_Scotland.html#REVIEWS
85,https://www.tripadvisor.co.uk/Hotel_Review-g635907-d6650541-Reviews-Glampotel_Bere_Regis-Bere_Regis_Dorset_England.html#REVIEWS
86,https://www.tripadvisor.co.uk/Hotel_Review-g7241896-d10617877-Reviews-Derwent_View_Glamping-Edmundbyers_Consett_County_Durham_England.html#REVIEWS
87,https://www.tripadvisor.co.uk/Hotel_Review-g7055152-d12876702-Reviews-Inverness_Glamping-Allanfearn_Inverness_Scottish_Highlands_Scotland.html#REVIEWS
88,https://www.tripadvisor.co.uk/Hotel_Review-g1634202-d8596358-Reviews-Wolds_Glamping-Pocklington_East_Riding_of_Yorkshire_England.html#REVIEWS
89,https://www.tripadvisor.co.uk/Hotel_Review-g2026805-d21288584-Reviews-Orchard_Glamping-Catterall_Lancashire_England.html#REVIEWS
90,https://www.tripadvisor.co.uk/Hotel_Review-g6867949-d10366188-Reviews-Middle_Stone_Farm-Brompton_Ralph_Somerset_England.html#REVIEWS
91,https://www.tripadvisor.co.uk/Hotel_Review-g190744-d1437861-Reviews-Humble_Bee_Farm-Scarborough_Scarborough_District_North_Yorkshire_England.html#REVIEWS
92,https://www.tripadvisor.co.uk/Hotel_Review-g186371-d23486302-Reviews-Owley_Woods_Glamping-Cheddar_Somerset_England.html#REVIEWS
93,https://www.tripadvisor.co.uk/Hotel_Review-g187047-d12362025-Reviews-The_Glamping_Orchard-Gloucester_Cotswolds_England.html#REVIEWS
94,https://www.tripadvisor.co.uk/Hotel_Review-g186387-d7015284-Reviews-Secret_Meadows_Glamping-Woodbridge_Suffolk_East_Anglia_England.html#REVIEWS
95,https://www.tripadvisor.co.uk/Hotel_Review-g190804-d21181078-Reviews-Atlantic_Horizons-Bude_Bude_Stratton_Cornwall_England.html#REVIEWS
96,https://www.tripadvisor.co.uk/Hotel_Review-g319814-d254010-Reviews-Ben_Loyal_Hotel-Tongue_Caithness_and_Sutherland_Scottish_Highlands_Scotland.html#REVIEWS
97,https://www.tripadvisor.co.uk/Hotel_Review-g4546162-d6651248-Reviews-Knepp_Wildland_Safaris-Dial_Post_West_Sussex_England.html#REVIEWS
98,https://www.tripadvisor.co.uk/Hotel_Review-g666717-d3822347-Reviews-Koa_Tree_Camp-Welcombe_Devon_England.html#REVIEWS
99,https://www.tripadvisor.co.uk/Hotel_Review-g3464096-d3461171-Reviews-Suffolk_Yurt_Holidays-Bredfield_Woodbridge_Suffolk_East_Anglia_England.html#REVIEWS
100,https://www.tripadvisor.co.uk/Hotel_Review-g1936976-d4081003-Reviews-Peninnis_Farm_Luxury_Camping-Hugh_Town_St_Mary_s_Isles_of_Scilly_England.html#REVIEWS
101,https://www.tripadvisor.co.uk/Hotel_Review-g3902744-d3478698-Reviews-Vale_House-Belvoir_Leicestershire_England.html#REVIEWS
102,https://www.tripadvisor.co.uk/Hotel_Review-g1155086-d6888221-Reviews-Lantern_Larks_Bleasdale-Bleasdale_Lancashire_England.html#REVIEWS
103,https://www.tripadvisor.co.uk/Hotel_Review-g551710-d1088106-Reviews-Knaveswell_Farm-Corfe_Castle_Isle_of_Purbeck_Dorset_England.html#REVIEWS
104,https://www.tripadvisor.co.uk/Hotel_Review-g12392922-d12296157-Reviews-Campfires_and_Stars-Sibford_Ferris_Oxfordshire_England.html#REVIEWS
105,https://www.tripadvisor.co.uk/Hotel_Review-g2144103-d4162244-Reviews-Little_Halden_Farm-Rolvenden_Kent_England.html#REVIEWS
106,https://www.tripadvisor.co.uk/Hotel_Review-g664043-d10123286-Reviews-Lantern_Larks_Kittisford_Barton-Wellington_Somerset_England.html#REVIEWS
107,https://www.tripadvisor.co.uk/Hotel_Review-g1537459-d1536446-Reviews-Yurtcamp_Glamping_Devon-Liverton_Devon_England.html#REVIEWS
108,https://www.tripadvisor.co.uk/Hotel_Review-g659590-d2233209-Reviews-Glamping_Holiday-Cranleigh_Surrey_England.html#REVIEWS
109,https://www.tripadvisor.co.uk/Hotel_Review-g1849069-d654590-Reviews-Mains_Farm-Thornhill_Stirling_Scotland.html#REVIEWS
110,https://www.tripadvisor.co.uk/Hotel_Review-g1474995-d12704550-Reviews-Stackpole_Under_the_Stars-Stackpole_Pembroke_Pembrokeshire_Wales.html#REVIEWS
111,https://www.tripadvisor.co.uk/Hotel_Review-g190756-d13948565-Reviews-Scaldersitch_Farm-Buxton_Derbyshire_England.html#REVIEWS
112,https://www.tripadvisor.co.uk/Hotel_Review-g7982164-d4749070-Reviews-River_View_Touring_Park-Pontarddulais_Swansea_County_South_Wales_Wales.html#REVIEWS
113,https://www.tripadvisor.co.uk/Hotel_Review-g552018-d6708909-Reviews-Wonderfully_Wild_Lodges-Beaumaris_Anglesey_North_Wales_Wales.html#REVIEWS
114,https://www.tripadvisor.co.uk/Hotel_Review-g503914-d10696444-Reviews-Gooseberry_Field_Glamping-Pluckley_Ashford_Kent_England.html#REVIEWS
115,https://www.tripadvisor.co.uk/Hotel_Review-g2085255-d2072622-Reviews-Grange_Trekking_Centre_Guest_House-Capel_Y_Ffin_Brecon_Beacons_National_Park_Wales.html#REVIEWS
116,https://www.tripadvisor.co.uk/Hotel_Review-g1647162-d23094913-Reviews-Laurel_Farm_Glamping-Mark_Somerset_England.html#REVIEWS
117,https://www.tripadvisor.co.uk/Hotel_Review-g315944-d3357838-Reviews-Gilsland_Park-North_Berwick_East_Lothian_Scotland.html#REVIEWS
118,https://www.tripadvisor.co.uk/Hotel_Review-g1533385-d15111029-Reviews-Ekopod-St_Clether_Cornwall_England.html#REVIEWS
119,https://www.tripadvisor.co.uk/Hotel_Review-g551918-d8825330-Reviews-Glamping_Pods-Kinlochleven_Lochaber_Scottish_Highlands_Scotland.html#REVIEWS
120,https://www.tripadvisor.co.uk/Hotel_Review-g1443244-d2529330-Reviews-Seventh_Heaven_Glamping-Clynnogfawr_Gwynedd_North_Wales_Wales.html#REVIEWS
121,https://www.tripadvisor.co.uk/Hotel_Review-g1885304-d5538998-Reviews-Scamperholidays-Rhossili_Swansea_County_South_Wales_Wales.html#REVIEWS
122,https://www.tripadvisor.co.uk/Hotel_Review-g191269-d23387619-Reviews-Swallowtails-Pickering_North_Yorkshire_England.html#REVIEWS
123,https://www.tripadvisor.co.uk/Hotel_Review-g1577290-d7167335-Reviews-A_Little_Bit_of_Rough-Uppingham_Rutland_England.html#REVIEWS
124,https://www.tripadvisor.co.uk/Hotel_Review-g3654381-d12841266-Reviews-Rosebud_Meadow-Welland_Malvern_Hills_Worcestershire_England.html#REVIEWS
125,https://www.tripadvisor.co.uk/Hotel_Review-g186288-d12573839-Reviews-Evenlode_Wigwams-Moreton_in_Marsh_Cotswolds_England.html#REVIEWS
126,https://www.tripadvisor.co.uk/Hotel_Review-g3186932-d2160776-Reviews-Away_From_It_All-Llwyndyrys_Gwynedd_North_Wales_Wales.html#REVIEWS
127,https://www.tripadvisor.co.uk/Hotel_Review-g676337-d6785434-Reviews-Gwyliau_Cefn_Crib_Holidays-Pennal_Snowdonia_National_Park_North_Wales_Wales.html#REVIEWS
128,https://www.tripadvisor.co.uk/Hotel_Review-g504059-d23474898-Reviews-Dukeries_Retreat-Barnby_Moor_Retford_Nottinghamshire_England.html#REVIEWS
129,https://www.tripadvisor.co.uk/Hotel_Review-g1211835-d23342345-Reviews-Glamp_And_Tipple_Norfolk_Site-Attleborough_Norfolk_East_Anglia_England.html#REVIEWS
130,https://www.tripadvisor.co.uk/Hotel_Review-g776112-d3349147-Reviews-Quarry_Pods_at_Dunsdon_Farm-Holsworthy_Torridge_Devon_England.html#REVIEWS
131,https://www.tripadvisor.co.uk/Hotel_Review-g954031-d8455228-Reviews-Wigwam_Holidays_Crowtree-Spalding_Lincolnshire_England.html#REVIEWS
132,https://www.tripadvisor.co.uk/Hotel_Review-g186323-d18902256-Reviews-Coniston_Park_Coppice-Coniston_Lake_District_Cumbria_England.html#REVIEWS
133,https://www.tripadvisor.co.uk/Hotel_Review-g3902746-d4590496-Reviews-Camp_Katur-Kirklington_North_Yorkshire_England.html#REVIEWS
134,https://www.tripadvisor.co.uk/Hotel_Review-g662358-d6463596-Reviews-The_Little_Yurt_Meadow-Whitchurch_Shropshire_England.html#REVIEWS
135,https://www.tripadvisor.co.uk/Hotel_Review-g1065825-d6978132-Reviews-Crooked_Willow_Camp_Site-Burgh_le_Marsh_Skegness_Lincolnshire_England.html#REVIEWS
136,https://www.tripadvisor.co.uk/Hotel_Review-g186346-d7211318-Reviews-Nurseries_Caravan_Park-York_North_Yorkshire_England.html#REVIEWS
137,https://www.tripadvisor.co.uk/Hotel_Review-g186433-d10007190-Reviews-Seven_Hills_Hideaway-Abergavenny_Monmouthshire_South_Wales_Wales.html#REVIEWS
138,https://www.tripadvisor.co.uk/Hotel_Review-g551985-d13848085-Reviews-The_Forge-Corwen_Denbighshire_North_Wales_Wales.html#REVIEWS
139,https://www.tripadvisor.co.uk/Hotel_Review-g580438-d12359682-Reviews-Felin_Geri_Safari_Lodges-Newcastle_Emlyn_Carmarthenshire_Wales.html#REVIEWS
140,https://www.tripadvisor.co.uk/Hotel_Review-g2091030-d10834243-Reviews-The_Apple_Farm-Snitterfield_Stratford_upon_Avon_Warwickshire_England.html#REVIEWS
141,https://www.tripadvisor.co.uk/Hotel_Review-g209967-d23602456-Reviews-Lambs_Glamping-Chesterfield_Derbyshire_England.html#REVIEWS
142,https://www.tripadvisor.co.uk/Hotel_Review-g551719-d15713986-Reviews-Farmstead_Glamping-Sturminster_Newton_Dorset_England.html#REVIEWS
143,https://www.tripadvisor.co.uk/Hotel_Review-g1048934-d6733526-Reviews-Florence_Springs_Glamping_Village-St_Florence_Tenby_Pembrokeshire_Wales.html#REVIEWS
144,https://www.tripadvisor.co.uk/Hotel_Review-g190744-d1791585-Reviews-Pinewood_Park-Scarborough_Scarborough_District_North_Yorkshire_England.html#REVIEWS
145,https://www.tripadvisor.co.uk/Hotel_Review-g1049747-d4974942-Reviews-Love2Yurt-Brackley_Northamptonshire_England.html#REVIEWS
146,https://www.tripadvisor.co.uk/Hotel_Review-g2061401-d1057581-Reviews-Llwyn_Onn_Guest_House-Rhydlydan_Conwy_County_North_Wales_Wales.html#REVIEWS
147,https://www.tripadvisor.co.uk/Hotel_Review-g503725-d8461240-Reviews-Riddlesworth_Park_Glamping-Diss_Norfolk_East_Anglia_England.html#REVIEWS
148,https://www.tripadvisor.co.uk/Hotel_Review-g186239-d23554065-Reviews-The_Beeches_Glamping-Newquay_Cornwall_England.html#REVIEWS
149,https://www.tripadvisor.co.uk/Hotel_Review-g503937-d19417713-Reviews-Hedgerow_Luxury_Glamping-Clitheroe_Lancashire_England.html#REVIEWS
150,https://www.tripadvisor.co.uk/Hotel_Review-g190732-d23717771-Reviews-Stamford_Meadows_Glamping-Stamford_Lincolnshire_England.html#REVIEWS
151,https://www.tripadvisor.co.uk/Hotel_Review-g1657605-d21115902-Reviews-White_Mark_Glamping-Watlington_Oxfordshire_England.html#REVIEWS
152,https://www.tripadvisor.co.uk/Hotel_Review-g504087-d23174746-Reviews-Rolling_Fields_Glamping-Moulsford_on_Thames_Oxfordshire_England.html#REVIEWS
153,https://www.tripadvisor.co.uk/Hotel_Review-g1826002-d8404690-Reviews-Henfryn_Farm_Glamping-Llandysul_Ceredigion_Wales.html#REVIEWS
154,https://www.tripadvisor.co.uk/Hotel_Review-g1520124-d21297487-Reviews-Three_Streams_Glamping-Llanfairfechan_Conwy_County_North_Wales_Wales.html#REVIEWS
155,https://www.tripadvisor.co.uk/Hotel_Review-g186424-d10535750-Reviews-Mad_Hatters_Glamping-Worcester_Worcestershire_England.html#REVIEWS
156,https://www.tripadvisor.co.uk/Hotel_Review-g12896618-d12050253-Reviews-Leafy_Fields_Glamping-Ashill_Cullompton_Devon_England.html#REVIEWS
157,https://www.tripadvisor.co.uk/Hotel_Review-g954030-d16723271-Reviews-High_Haume_Glamping-Dalton_in_Furness_Cumbria_England.html#REVIEWS
158,https://www.tripadvisor.co.uk/Hotel_Review-g2178665-d1913946-Reviews-Wallsend_Guest_House_Glamping_Pods-Bowness_on_Solway_Cumbria_England.html#REVIEWS
159,https://www.tripadvisor.co.uk/Hotel_Review-g7808677-d9769863-Reviews-Falcon_Forest_Glamping-Cloughton_Scarborough_Scarborough_District_North_Yorkshire_Eng.html#REVIEWS
160,https://www.tripadvisor.co.uk/Hotel_Review-g23367164-d23367169-Reviews-Bain_View_Glamping-Haltham_Horncastle_Lincolnshire_England.html#REVIEWS
161,https://www.tripadvisor.co.uk/Hotel_Review-g504196-d2311228-Reviews-Wootton_Park-Henley_in_Arden_Warwickshire_England.html#REVIEWS
162,https://www.tripadvisor.co.uk/Hotel_Review-g3400198-d568343-Reviews-Feather_Down_Howbeck_Lodge_Farm-Hesket_Newmarket_Cumbria_England.html#REVIEWS
163,https://www.tripadvisor.co.uk/Hotel_Review-g551740-d1515605-Reviews-Drummohr_Camping_and_Glamping_Site-Musselburgh_East_Lothian_Scotland.html#REVIEWS
164,https://www.tripadvisor.co.uk/Hotel_Review-g186328-d2103592-Reviews-Mosedale_End_Farm_Bed_and_Breakfast_Glamping_Pod-Penrith_Eden_District_Lake_District_C.html#REVIEWS
165,https://www.tripadvisor.co.uk/Hotel_Review-g187062-d4345797-Reviews-Stanley_Villa_Farm_Fishing_and_Camping-Preston_Lancashire_England.html#REVIEWS
166,https://www.tripadvisor.co.uk/Hotel_Review-g2055157-d2168561-Reviews-Feather_Down_Mount_Pleasant_Farm-Woolland_Blandford_Forum_Dorset_England.html#REVIEWS
167,https://www.tripadvisor.co.uk/Hotel_Review-g499571-d6938465-Reviews-Mount_Pleasant_Glamping_Camping_Ltd-Ashbourne_Derbyshire_England.html#REVIEWS
168,https://www.tripadvisor.co.uk/Hotel_Review-g1762010-d12207011-Reviews-Glamping_on_the_Hill-Mells_Frome_Somerset_England.html#REVIEWS
169,https://www.tripadvisor.co.uk/Hotel_Review-g186428-d25361579-Reviews-Silver_Fern_Glamping-Aberystwyth_Ceredigion_Wales.html#REVIEWS
170,https://www.tripadvisor.co.uk/Hotel_Review-g1142656-d8288366-Reviews-Bed_Down_Glamping-Bungay_Suffolk_East_Anglia_England.html#REVIEWS
171,https://www.tripadvisor.co.uk/Hotel_Review-g551940-d1554804-Reviews-Loch_Tay_Highland_Lodges-Killin_Loch_Tay_Loch_Lomond_and_The_Trossachs_National_Park_S.html#REVIEWS
172,https://www.tripadvisor.co.uk/Hotel_Review-g503827-d2318226-Reviews-The_Old_Dairy_Farm_Luxury_B_B_and_Yurts-Emsworth_Hampshire_England.html#REVIEWS
173,https://www.tripadvisor.co.uk/Hotel_Review-g551627-d19818978-Reviews-Valleyside_Escapes-Bickleigh_Devon_England.html#REVIEWS
174,https://www.tripadvisor.co.uk/Hotel_Review-g8480080-d17388962-Reviews-Beckstones_Glamping_Pods-Torver_Lake_District_Cumbria_England.html#REVIEWS
175,https://www.tripadvisor.co.uk/Hotel_Review-g6518249-d6571892-Reviews-Canadian_Fields-Nawton_Helmsley_North_Yorkshire_England.html#REVIEWS
176,https://www.tripadvisor.co.uk/Hotel_Review-g1568948-d8738234-Reviews-Oaktree_Lane-Bratton_Clovelly_Devon_England.html#REVIEWS
177,https://www.tripadvisor.co.uk/Hotel_Review-g5041813-d8356871-Reviews-Surrey_Hills_Yurts-Westcott_Dorking_Surrey_England.html#REVIEWS
178,https://www.tripadvisor.co.uk/Hotel_Review-g186342-d1867319-Reviews-Deer_s_Glade_Caravan_Camping_Park-Norwich_Norfolk_East_Anglia_England.html#REVIEWS
179,https://www.tripadvisor.co.uk/Hotel_Review-g186346-d4745311-Reviews-The_Little_Hide_Grown_Up_Glamping-York_North_Yorkshire_England.html#REVIEWS
180,https://www.tripadvisor.co.uk/Hotel_Review-g190822-d23186194-Reviews-North_Thorne_Cottages_And_Glamping-Barnstaple_Devon_England.html#REVIEWS
181,https://www.tripadvisor.co.uk/Hotel_Review-g4040787-d23510831-Reviews-Cae_Nant_Glamping-Llanfihangel_Yng_Ngwyfa_Powys_Wales.html#REVIEWS
182,https://www.tripadvisor.co.uk/Hotel_Review-g2211144-d3258291-Reviews-Bear_Lodge-Lympne_Kent_England.html#REVIEWS
183,https://www.tripadvisor.co.uk/Hotel_Review-g1634202-d3475710-Reviews-Yapham_Holds_Farmhouse-Pocklington_East_Riding_of_Yorkshire_England.html#REVIEWS
184,https://www.tripadvisor.co.uk/Hotel_Review-g1925957-d4747755-Reviews-Safari_Glamping-Templecombe_Somerset_England.html#REVIEWS
185,https://www.tripadvisor.co.uk/Hotel_Review-g3223334-d6387251-Reviews-Lee_Wick_Farm_Cottages_Glamping-St_Osyth_Clacton_on_Sea_Essex_England.html#REVIEWS
186,https://www.tripadvisor.co.uk/Hotel_Review-g1815423-d6731630-Reviews-Acorn_Glade-Melbourne_Pocklington_East_Riding_of_Yorkshire_England.html#REVIEWS
187,https://www.tripadvisor.co.uk/Hotel_Review-g186342-d23704406-Reviews-Abbey_Farm_Luxury_Barns_Glamping-Norwich_Norfolk_East_Anglia_England.html#REVIEWS
188,https://www.tripadvisor.co.uk/Hotel_Review-g186399-d210496-Reviews-Stratford_Parks_Riverside_Holidays-Stratford_upon_Avon_Warwickshire_England.html#REVIEWS
189,https://www.tripadvisor.co.uk/Hotel_Review-g190727-d3519101-Reviews-South_Lytchett_Manor_Caravan_and_Camping_Park-Poole_Dorset_England.html#REVIEWS
190,https://www.tripadvisor.co.uk/Hotel_Review-g186454-d3608974-Reviews-Camp_Cynrig_Glamping_Village-Brecon_Brecon_Beacons_National_Park_Wales.html#REVIEWS
191,https://www.tripadvisor.co.uk/Hotel_Review-g186332-d21130208-Reviews-Manor_House_Touring_Park-Blackpool_Lancashire_England.html#REVIEWS
192,https://www.tripadvisor.co.uk/Hotel_Review-g503838-d6534326-Reviews-Adhurst_Yurts_Glamping-Petersfield_Hampshire_England.html#REVIEWS
193,https://www.tripadvisor.co.uk/Hotel_Review-g1547181-d11701176-Reviews-Brownscombe_Luxury_Glamping-Compton_Paignton_English_Riviera_Devon_England.html#REVIEWS
194,https://www.tripadvisor.co.uk/Hotel_Review-g209961-d10414055-Reviews-Swanns_Bridge_Glamping-Limavady_County_Londonderry_Northern_Ireland.html#REVIEWS
195,https://www.tripadvisor.co.uk/Hotel_Review-g3343001-d3226547-Reviews-Midland_Farm_Glamping-Norton_Canon_Herefordshire_England.html#REVIEWS
196,https://www.tripadvisor.co.uk/Hotel_Review-g1204841-d8351794-Reviews-East_Coast_Glamping-Rostrevor_County_Down_Northern_Ireland.html#REVIEWS
197,https://www.tripadvisor.co.uk/Hotel_Review-g2092607-d7792597-Reviews-Meadow_View_Glamping-Horton_Wimborne_Minster_Dorset_England.html#REVIEWS
198,https://www.tripadvisor.co.uk/Hotel_Review-g2450303-d12710345-Reviews-Kingfisher_Lakes_Glamping-Brandesburton_Driffield_East_Riding_of_Yorkshire_England.html#REVIEWS
199,https://www.tripadvisor.co.uk/Hotel_Review-g1210025-d5501585-Reviews-Runswick_Bay_Caravan_and_Camping_Park-Runswick_North_Yorkshire_England.html#REVIEWS
200,https://www.tripadvisor.co.uk/Hotel_Review-g1774703-d1547295-Reviews-Knotlow_Farm_Campsite-Flagg_Peak_District_National_Park_England.html#REVIEWS
201,https://www.tripadvisor.co.uk/Hotel_Review-g25561905-d3669832-Reviews-Abel_s_Harp-Bentlawnt_Shrewsbury_Shropshire_England.html#REVIEWS
202,https://www.tripadvisor.co.uk/Hotel_Review-g499605-d2641835-Reviews-Thornham_Bay_Wild_Luxury-Thornham_Norfolk_East_Anglia_England.html#REVIEWS
203,https://www.tripadvisor.co.uk/Hotel_Review-g1432147-d8812676-Reviews-Loveland_Farm-Hartland_Torridge_Devon_England.html#REVIEWS
204,https://www.tripadvisor.co.uk/Hotel_Review-g190755-d10093621-Reviews-Drovers_Rest-Hay_on_Wye_Powys_Wales.html#REVIEWS
205,https://www.tripadvisor.co.uk/Hotel_Review-g11966158-d23645868-Reviews-Bluebell_Retreat_Glamping-Malvern_Hills_Worcestershire_England.html#REVIEWS
206,https://www.tripadvisor.co.uk/Hotel_Review-g528850-d2703071-Reviews-Little_Upton_Boutique_Belltent-Liskeard_Cornwall_England.html#REVIEWS
207,https://www.tripadvisor.co.uk/Hotel_Review-g186344-d12865593-Reviews-Peaks_and_Pods-Settle_Yorkshire_Dales_National_Park_North_Yorkshire_England.html#REVIEWS
208,https://www.tripadvisor.co.uk/Hotel_Review-g23811005-d17520082-Reviews-The_Private_Hill-Acklam_North_Yorkshire_England.html#REVIEWS
209,https://www.tripadvisor.co.uk/Hotel_Review-g186501-d13119843-Reviews-Highfield_Holidays-Oban_Argyll_and_Bute_Scotland.html#REVIEWS
210,https://www.tripadvisor.co.uk/Hotel_Review-g675738-d7133824-Reviews-Lady_Heyes_Cheshire_Glamping-Frodsham_Cheshire_England.html#REVIEWS
211,https://www.tripadvisor.co.uk/Hotel_Review-g1156027-d2100025-Reviews-The_Hideaway_Wild_Luxury-Sedgeford_Norfolk_East_Anglia_England.html#REVIEWS
212,https://www.tripadvisor.co.uk/Hotel_Review-g503889-d1536898-Reviews-The_Really_Green_Holiday_Company-Freshwater_Isle_of_Wight_England.html#REVIEWS
213,https://www.tripadvisor.co.uk/Hotel_Review-g2067237-d4872255-Reviews-Cwm_Ty_Coed-Cwmffrwd_Carmarthen_Carmarthenshire_Wales.html#REVIEWS
214,https://www.tripadvisor.co.uk/Hotel_Review-g186400-d7208378-Reviews-Mousley_House_Farm_Camping_Glamping-Warwick_Warwickshire_England.html#REVIEWS
215,https://www.tripadvisor.co.uk/Hotel_Review-g190736-d10093071-Reviews-Pasturewood_Holidays-Carlisle_Cumbria_England.html#REVIEWS
216,https://www.tripadvisor.co.uk/Hotel_Review-g551682-d2042828-Reviews-Lower_Coombe_Royal-Kingsbridge_Devon_England.html#REVIEWS
217,https://www.tripadvisor.co.uk/Hotel_Review-g1479343-d19830835-Reviews-Ardgay_Glamping-Ardgay_Caithness_and_Sutherland_Scottish_Highlands_Scotland.html#REVIEWS
218,https://www.tripadvisor.co.uk/Hotel_Review-g658262-d2205851-Reviews-Ivy_Grange_Farm_Barn-Halesworth_Suffolk_East_Anglia_England.html#REVIEWS
219,https://www.tripadvisor.co.uk/Hotel_Review-g552046-d12506968-Reviews-Canvas_Campfires-Lampeter_Ceredigion_Wales.html#REVIEWS
220,https://www.tripadvisor.co.uk/Hotel_Review-g1021524-d6733501-Reviews-Eden_Leisure_Village-Cumbernauld_North_Lanarkshire_Scotland.html#REVIEWS
221,https://www.tripadvisor.co.uk/Hotel_Review-g736886-d10093114-Reviews-Manor_Farm_Stay-Sutton_on_Sea_Lincolnshire_England.html#REVIEWS
222,https://www.tripadvisor.co.uk/Hotel_Review-g5456841-d1594041-Reviews-The_Loft_Glamping_and_Camping-Kinloss_Moray_Scotland.html#REVIEWS
223,https://www.tripadvisor.co.uk/Hotel_Review-g5963674-d21150287-Reviews-Nightsky_Glamping-Llangian_Gwynedd_North_Wales_Wales.html#REVIEWS
224,https://www.tripadvisor.co.uk/Hotel_Review-g1066605-d24597465-Reviews-Hadspen_Glamping-Castle_Cary_Somerset_England.html#REVIEWS
225,https://www.tripadvisor.co.uk/Hotel_Review-g503893-d10328392-Reviews-Tom_s_Eco_Lodge-Yarmouth_Isle_of_Wight_England.html#REVIEWS
226,https://www.tripadvisor.co.uk/Hotel_Review-g1479316-d25166538-Reviews-Braeview_Glamping-Coldingham_Scottish_Borders_Scotland.html#REVIEWS
227,https://www.tripadvisor.co.uk/Hotel_Review-g3181719-d14199218-Reviews-Beechen_Glamping-Bishop_s_Waltham_Hampshire_England.html#REVIEWS
228,https://www.tripadvisor.co.uk/Hotel_Review-g580409-d8580279-Reviews-Chessington_Explorer_Glamping-Chessington_Surrey_England.html#REVIEWS
229,https://www.tripadvisor.co.uk/Hotel_Review-g4176740-d563812-Reviews-Three_Cliffs_Bay_Holiday_Park-Penmaen_Swansea_County_South_Wales_Wales.html#REVIEWS
230,https://www.tripadvisor.co.uk/Hotel_Review-g3258057-d19122515-Reviews-Kingsland_Glamping_At_The_Arbour-Kingsland_Leominster_Herefordshire_England.html#REVIEWS
231,https://www.tripadvisor.co.uk/Hotel_Review-g186322-d21337814-Reviews-Wellington_Farm_Glamping_Breaks-Cockermouth_Lake_District_Cumbria_England.html#REVIEWS
232,https://www.tripadvisor.co.uk/Hotel_Review-g1073590-d23544622-Reviews-Nankilly_Meadow_Luxury_Glamping-Probus_Truro_District_Cornwall_England.html#REVIEWS
233,https://www.tripadvisor.co.uk/Hotel_Review-g15053794-d17663164-Reviews-Under_The_Oak_Glamping-Bedwas_Caerphilly_Caerphilly_County_South_Wales_Wales.html#REVIEWS
234,https://www.tripadvisor.co.uk/Hotel_Review-g2234496-d4892046-Reviews-Long_Acres_Camping-Lingfield_Surrey_England.html#REVIEWS
235,https://www.tripadvisor.co.uk/Hotel_Review-g315949-d12885907-Reviews-Larkworthy_Farm-Ashwater_Devon_England.html#REVIEWS
236,https://www.tripadvisor.co.uk/Hotel_Review-g503896-d4003247-Reviews-Bloomsburys_Biddenden-Biddenden_Kent_England.html#REVIEWS
237,https://www.tripadvisor.co.uk/Hotel_Review-g190815-d24193928-Reviews-Eden_Heights_Glamping-Appleby_in_Westmorland_Eden_District_Lake_District_Cumbria_Engl.html#REVIEWS
238,https://www.tripadvisor.co.uk/Hotel_Review-g6976583-d2160887-Reviews-Stonehenge_Campsite_Glamping_Pods-Berwick_St_James_Wiltshire_England.html#REVIEWS
239,https://www.tripadvisor.co.uk/Hotel_Review-g551614-d1523984-Reviews-Beuvelande_Camp_Site-St_Martin_Jersey_Channel_Islands.html#REVIEWS
240,https://www.tripadvisor.co.uk/Hotel_Review-g552069-d1580039-Reviews-Strawberry_Skys_Yurts-Welshpool_Powys_Wales.html#REVIEWS
241,https://www.tripadvisor.co.uk/Hotel_Review-g3738128-d4972944-Reviews-Grendon_Lakes-Grendon_Northamptonshire_England.html#REVIEWS
242,https://www.tripadvisor.co.uk/Hotel_Review-g2178015-d2168530-Reviews-Feather_Down_College_Farm-Aldeby_Beccles_Suffolk_East_Anglia_England.html#REVIEWS
243,https://www.tripadvisor.co.uk/Hotel_Review-g190744-d4717308-Reviews-Killerby_Old_Hall-Scarborough_Scarborough_District_North_Yorkshire_England.html#REVIEWS
244,https://www.tripadvisor.co.uk/Hotel_Review-g1888331-d2230119-Reviews-Broadhembury_Caravan_and_Camping_Park-Kingsnorth_Ashford_Kent_England.html#REVIEWS
245,https://www.tripadvisor.co.uk/Hotel_Review-g656895-d23342100-Reviews-Cre8_Glamping-Sawbridgeworth_Hertfordshire_England.html#REVIEWS
246,https://www.tripadvisor.co.uk/Hotel_Review-g186422-d6754929-Reviews-Purple_Plum_Glamping-Evesham_Worcestershire_England.html#REVIEWS
247,https://www.tripadvisor.co.uk/Hotel_Review-g528788-d6819505-Reviews-Bramble_Berry_Glamping-Upton_upon_Severn_Malvern_Hills_Worcestershire_England.html#REVIEWS
248,https://www.tripadvisor.co.uk/Hotel_Review-g6436522-d8491865-Reviews-Hilltop_Hideaways-Hunningham_Warwickshire_England.html#REVIEWS
249,https://www.tripadvisor.co.uk/Hotel_Review-g552053-d654564-Reviews-Larkhill_Tipis_and_Yurts-Cwmduad_Carmarthen_Carmarthenshire_Wales.html#REVIEWS
250,https://www.tripadvisor.co.uk/Hotel_Review-g528879-d4585013-Reviews-Acorn_Camping_and_Glamping-St_Blazey_Cornwall_England.html#REVIEWS
251,https://www.tripadvisor.co.uk/Hotel_Review-g1222167-d2661309-Reviews-Westland_Farm_Glamping_with_Hot_Tubs-Bratton_Fleming_Barnstaple_Devon_England.html#REVIEWS
252,https://www.tripadvisor.co.uk/Hotel_Review-g1023705-d21386401-Reviews-Norwell_View_Farm_Glamping-Norton_St_Philip_Bath_Somerset_England.html#REVIEWS
253,https://www.tripadvisor.co.uk/Hotel_Review-g2167746-d8548405-Reviews-Round_the_Woods-Weston_Longville_Norfolk_East_Anglia_England.html#REVIEWS
254,https://www.tripadvisor.co.uk/Hotel_Review-g1783393-d6727224-Reviews-Down_on_the_Farm-Rosehearty_Fraserburgh_Aberdeenshire_Scotland.html#REVIEWS
255,https://www.tripadvisor.co.uk/Hotel_Review-g551719-d2415178-Reviews-Stock_Gaylard_Yurts-Sturminster_Newton_Dorset_England.html#REVIEWS
256,https://www.tripadvisor.co.uk/Hotel_Review-g186346-d8683733-Reviews-York_Holiday_Cycle_Stop-York_North_Yorkshire_England.html#REVIEWS
257,https://www.tripadvisor.co.uk/Hotel_Review-g1826002-d17600867-Reviews-Wild_Wellingtons-Llandysul_Ceredigion_Wales.html#REVIEWS
258,https://www.tripadvisor.co.uk/Hotel_Review-g186370-d4745879-Reviews-The_Farm_Camp-Bath_Somerset_England.html#REVIEWS
259,https://www.tripadvisor.co.uk/Hotel_Review-g1393505-d3462724-Reviews-Drumaheglis_Caravan_Park_and_Marina-Ballymoney_County_Antrim_Northern_Ireland.html#REVIEWS
260,https://www.tripadvisor.co.uk/Hotel_Review-g6886120-d10436204-Reviews-Craighead_Howf-Braco_Perth_and_Kinross_Scotland.html#REVIEWS
261,https://www.tripadvisor.co.uk/Hotel_Review-g1435556-d15856017-Reviews-Castle_Farm_Holidays_Shropshire-Ellesmere_Shropshire_England.html#REVIEWS
262,https://www.tripadvisor.co.uk/Hotel_Review-g2070907-d2168533-Reviews-Feather_Down_East_Shilvinghampton-Portesham_Dorset_England.html#REVIEWS
263,https://www.tripadvisor.co.uk/Hotel_Review-g7166075-d12378436-Reviews-Manor_Farm_Knodishall-Knodishall_Suffolk_East_Anglia_England.html#REVIEWS
264,https://www.tripadvisor.co.uk/Hotel_Review-g9455227-d8873900-Reviews-Feather_Down_Moor_Farm-Moreton_Valence_Gloucestershire_England.html#REVIEWS
265,https://www.tripadvisor.co.uk/Hotel_Review-g209973-d23588938-Reviews-Yurtshire_Eavestone_Lake-Ripon_North_Yorkshire_England.html#REVIEWS
266,https://www.tripadvisor.co.uk/Hotel_Review-g499608-d1849345-Reviews-Big_Sky_Tipi_Holidays-Hailsham_East_Sussex_England.html#REVIEWS
267,https://www.tripadvisor.co.uk/Hotel_Review-g551706-d3445237-Reviews-Southfield-Bridport_Dorset_England.html#REVIEWS
268,https://www.tripadvisor.co.uk/Hotel_Review-g667103-d20248089-Reviews-Hillside_Havens-Dufftown_Moray_Scotland.html#REVIEWS
269,https://www.tripadvisor.co.uk/Hotel_Review-g1226793-d23956926-Reviews-Ashleigh_Farm_Caravan_And_Glamping-Gainsborough_Lincolnshire_England.html#REVIEWS
270,https://www.tripadvisor.co.uk/Hotel_Review-g186474-d3487373-Reviews-Tepee_Valley_Campsite-Armagh_County_Armagh_Northern_Ireland.html#REVIEWS
271,https://www.tripadvisor.co.uk/Hotel_Review-g186367-d10666940-Reviews-Bleathwood_Lodges_Country_Park-Ludlow_Shropshire_England.html#REVIEWS
272,https://www.tripadvisor.co.uk/Hotel_Review-g4153562-d4153567-Reviews-Barnsoul_Caravan_Park-Irongray_Dumfries_and_Galloway_Scotland.html#REVIEWS
273,https://www.tripadvisor.co.uk/Hotel_Review-g1989566-d1485979-Reviews-Hoe_Grange_Holidays_Ltd-Brassington_Derbyshire_England.html#REVIEWS
274,https://www.tripadvisor.co.uk/Hotel_Review-g190745-d16812539-Reviews-Hollington_Park_Glamping-Newbury_Berkshire_England.html#REVIEWS
275,https://www.tripadvisor.co.uk/Hotel_Review-g1060746-d17326384-Reviews-Wensleydale_Glamping_Pods-Redmire_Yorkshire_Dales_National_Park_North_Yorkshire_Engl.html#REVIEWS
276,https://www.tripadvisor.co.uk/Hotel_Review-g1156446-d4751268-Reviews-Masons_Campsite-Appletreewick_Yorkshire_Dales_National_Park_North_Yorkshire_England.html#REVIEWS
277,https://www.tripadvisor.co.uk/Hotel_Review-g1821916-d1725575-Reviews-Ty_Parke_Farm_Camping-Llanreithan_Pembrokeshire_Wales.html#REVIEWS
278,https://www.tripadvisor.co.uk/Hotel_Review-g2272256-d8873884-Reviews-Gambledown_Farm-Sherfield_English_Romsey_Hampshire_England.html#REVIEWS
279,https://www.tripadvisor.co.uk/Hotel_Review-g504011-d21200782-Reviews-Wigwam_Holidays_Forcett_Grange-Richmond_North_Yorkshire_England.html#REVIEWS
280,https://www.tripadvisor.co.uk/Hotel_Review-g1217961-d2177790-Reviews-Feather_Down_Warren_farm-Blagdon_Somerset_England.html#REVIEWS
281,https://www.tripadvisor.co.uk/Hotel_Review-g552001-d1806800-Reviews-Cae_Wennol_Yurts-Dolgellau_Snowdonia_National_Park_North_Wales_Wales.html#REVIEWS
282,https://www.tripadvisor.co.uk/Hotel_Review-g503776-d3983550-Reviews-The_Pretty_Thing-Clacton_on_Sea_Essex_England.html#REVIEWS
283,https://www.tripadvisor.co.uk/Hotel_Review-g1077005-d4997580-Reviews-Baby_Moon-Guisborough_North_Yorkshire_England.html#REVIEWS
284,https://www.tripadvisor.co.uk/Hotel_Review-g1526840-d8590687-Reviews-Black_Isle_Yurts-Rosemarkie_Ross_and_Cromarty_Scottish_Highlands_Scotland.html#REVIEWS
285,https://www.tripadvisor.co.uk/Hotel_Review-g190807-d7809359-Reviews-Treyhill_Farm-Bideford_Torridge_Devon_England.html#REVIEWS
286,https://www.tripadvisor.co.uk/Hotel_Review-g551809-d8781487-Reviews-BCC_Lochness_Glamping-Drumnadrochit_Loch_Ness_Region_Scottish_Highlands_Scotland.html#REVIEWS
287,https://www.tripadvisor.co.uk/Hotel_Review-g186284-d5031211-Reviews-Star_Glamping-Cheltenham_Cotswolds_England.html#REVIEWS
288,https://www.tripadvisor.co.uk/Hotel_Review-g2232899-d2232900-Reviews-West_Wood_Yurts_Ltd-Burnopfield_County_Durham_England.html#REVIEWS
289,https://www.tripadvisor.co.uk/Hotel_Review-g1787149-d1822725-Reviews-Swallowtail_Hill-Beckley_East_Sussex_England.html#REVIEWS
290,https://www.tripadvisor.co.uk/Hotel_Review-g503960-d1426156-Reviews-Eye_Kettleby_Lakes-Melton_Mowbray_Leicestershire_England.html#REVIEWS
291,https://www.tripadvisor.co.uk/Hotel_Review-g5979071-d10677511-Reviews-Orchard_Farm_Glamping_and_Camping-Butleigh_Glastonbury_Somerset_England.html#REVIEWS
292,https://www.tripadvisor.co.uk/Hotel_Review-g616266-d3522177-Reviews-Whitney_Bridge_Glamping_Camping_and_Canoeing-Whitney_on_Wye_Herefordshire_England.html#REVIEWS
293,https://www.tripadvisor.co.uk/Hotel_Review-g1532346-d10328167-Reviews-Mena_Farm_Holidays_Camping_Glamping-Lanivet_Bodmin_Cornwall_England.html#REVIEWS
294,https://www.tripadvisor.co.uk/Hotel_Review-g1633621-d1013723-Reviews-The_Old_Forge_Self_Catering_Cottages_Glamping-Compton_Abbas_Dorset_England.html#REVIEWS
295,https://www.tripadvisor.co.uk/Hotel_Review-g3801306-d12199363-Reviews-Welltrough_Hall_Farm_Caravan_and_glamping_site-Lower_Withington_Cheshire_England.html#REVIEWS
296,https://www.tripadvisor.co.uk/Hotel_Review-g191255-d1907737-Reviews-Riverside_Holiday_Park-Southport_Merseyside_England.html#REVIEWS
297,https://www.tripadvisor.co.uk/Hotel_Review-g551745-d3549596-Reviews-Sauchope_Links_Park-Crail_Fife_Scotland.html#REVIEWS
298,https://www.tripadvisor.co.uk/Hotel_Review-g3450960-d23410941-Reviews-Driftwood_Lodges_Glamping-Ilkeston_Derbyshire_England.html#REVIEWS
299,https://www.tripadvisor.co.uk/Hotel_Review-g186302-d15232986-Reviews-White_House_On_Wye_Glamping-Hereford_Herefordshire_England.html#REVIEWS
300,https://www.tripadvisor.co.uk/Hotel_Review-g1471771-d7060061-Reviews-Fron_Farm_Yurt_Retreat-Llanboidy_Carmarthenshire_Wales.html#REVIEWS
301,https://www.tripadvisor.co.uk/Hotel_Review-g7193400-d7056599-Reviews-Back_of_Beyond_Touring_Camping_Glamping_Park-St_Leonards_Dorset_England.html#REVIEWS
302,https://www.tripadvisor.co.uk/Hotel_Review-g186330-d23568453-Reviews-Graythwaite_Glamping-Windermere_Lake_District_Cumbria_England.html#REVIEWS
303,https://www.tripadvisor.co.uk/Hotel_Review-g1873923-d23274623-Reviews-Hazy_Valley_Glamping-Witheridge_Tiverton_Devon_England.html#REVIEWS
304,https://www.tripadvisor.co.uk/Hotel_Review-g504032-d23548908-Reviews-Doxford_Farm_Camping-Alnwick_Northumberland_England.html#REVIEWS
305,https://www.tripadvisor.co.uk/Hotel_Review-g1142482-d1138092-Reviews-Oldwalls_Gower-Oldwalls_Swansea_County_South_Wales_Wales.html#REVIEWS
306,https://www.tripadvisor.co.uk/Hotel_Review-g190811-d2195075-Reviews-Highfield_Farm-Driffield_East_Riding_of_Yorkshire_England.html#REVIEWS
307,https://www.tripadvisor.co.uk/Hotel_Review-g186439-d2194444-Reviews-Sunbank_Accommodation-Llangollen_Denbighshire_North_Wales_Wales.html#REVIEWS
308,https://www.tripadvisor.co.uk/Hotel_Review-g19844666-d21210791-Reviews-The_Oaks_Glamping-Colkirk_Norfolk_East_Anglia_England.html#REVIEWS
309,https://www.tripadvisor.co.uk/Hotel_Review-g644357-d23358798-Reviews-Hunstanton_Camping_Glamping_mYminiBreak-Heacham_Norfolk_East_Anglia_England.html#REVIEWS
310,https://www.tripadvisor.co.uk/Hotel_Review-g190804-d3877086-Reviews-Atlantic_Surf_Pods-Bude_Bude_Stratton_Cornwall_England.html#REVIEWS
311,https://www.tripadvisor.co.uk/Hotel_Review-g191250-d1463011-Reviews-Corriefodly_Holiday_Park-Blairgowrie_Perth_and_Kinross_Scotland.html#REVIEWS
312,https://www.tripadvisor.co.uk/Hotel_Review-g3383587-d2168565-Reviews-Feather_Down_New_Barn_Farm-Carlton_Bedfordshire_England.html#REVIEWS
313,https://www.tripadvisor.co.uk/Hotel_Review-g1821690-d10758199-Reviews-The_Original_Hut_Company-Bodiam_East_Sussex_England.html#REVIEWS
314,https://www.tripadvisor.co.uk/Hotel_Review-g186330-d8435499-Reviews-Hill_of_Oaks_Lodge_Caravan_Park-Windermere_Lake_District_Cumbria_England.html#REVIEWS
315,https://www.tripadvisor.co.uk/Hotel_Review-g191280-d625665-Reviews-Ruthern_Valley_Holidays-Bodmin_Cornwall_England.html#REVIEWS
316,https://www.tripadvisor.co.uk/Hotel_Review-g186373-d649379-Reviews-Middlewick_Holiday_Cottages-Glastonbury_Somerset_England.html#REVIEWS
317,https://www.tripadvisor.co.uk/Hotel_Review-g191252-d668182-Reviews-Mill_Park_Touring_Caravan_Camping_Park-Ilfracombe_Devon_England.html#REVIEWS
318,https://www.tripadvisor.co.uk/Hotel_Review-g1447463-d13927585-Reviews-Runach_Arainn-Kilmory_Isle_of_Arran_Scotland.html#REVIEWS
319,https://www.tripadvisor.co.uk/Hotel_Review-g2516280-d8590331-Reviews-Kidwelly_Farm_Cottages-Llansaint_Carmarthenshire_Wales.html#REVIEWS
320,https://www.tripadvisor.co.uk/Hotel_Review-g504106-d8091018-Reviews-Barnutopia-Oswestry_Shropshire_England.html#REVIEWS
321,https://www.tripadvisor.co.uk/Hotel_Review-g503937-d19656119-Reviews-Little_Oakhurst-Clitheroe_Lancashire_England.html#REVIEWS
322,https://www.tripadvisor.co.uk/Hotel_Review-g551766-d12473707-Reviews-Braehead_Glamping-Fochabers_Moray_Scotland.html#REVIEWS
323,https://www.tripadvisor.co.uk/Hotel_Review-g503944-d1497941-Reviews-Ribblesdale_Park-Gisburn_Clitheroe_Lancashire_England.html#REVIEWS
324,https://www.tripadvisor.co.uk/Hotel_Review-g1967205-d502403-Reviews-Cambo_Country_House_Estate-Kingsbarns_St_Andrews_Fife_Scotland.html#REVIEWS
325,https://www.tripadvisor.co.uk/Hotel_Review-g2239186-d10086992-Reviews-New_Lodge_Farm_Caravan_and_Campsite-Bulwick_Northamptonshire_England.html#REVIEWS
326,https://www.tripadvisor.co.uk/Hotel_Review-g186431-d6721794-Reviews-Coed_Helen_Holiday_Park-Caernarfon_Gwynedd_North_Wales_Wales.html#REVIEWS
327,https://www.tripadvisor.co.uk/Hotel_Review-g503768-d12299018-Reviews-Blue_Caps_Farm_Glamping-Wadhurst_East_Sussex_England.html#REVIEWS
328,https://www.tripadvisor.co.uk/Hotel_Review-g1450266-d8435506-Reviews-Waterfoot_Park-Pooley_Bridge_Penrith_Eden_District_Lake_District_Cumbria_England.html#REVIEWS
329,https://www.tripadvisor.co.uk/Hotel_Review-g190807-d21173283-Reviews-Owl_Valley_Glamping-Bideford_Torridge_Devon_England.html#REVIEWS
330,https://www.tripadvisor.co.uk/Hotel_Review-g4893553-d21169689-Reviews-Pitch_Perfect_Glamping-Skeyton_Norfolk_East_Anglia_England.html#REVIEWS
331,https://www.tripadvisor.co.uk/Hotel_Review-g2360123-d23994596-Reviews-Peacock_Lake_Glamping-Gunthorpe_Nottinghamshire_England.html#REVIEWS
332,https://www.tripadvisor.co.uk/Hotel_Review-g528843-d8300825-Reviews-Little_Trethvas_Glamping-Helston_Cornwall_England.html#REVIEWS
333,https://www.tripadvisor.co.uk/Hotel_Review-g1637362-d633912-Reviews-North_Hill_Farm-Chorleywood_Hertfordshire_England.html#REVIEWS
334,https://www.tripadvisor.co.uk/Hotel_Review-g504106-d6582529-Reviews-Pentreclawdd_Farm_Camping_Pods-Oswestry_Shropshire_England.html#REVIEWS
335,https://www.tripadvisor.co.uk/Hotel_Review-g315929-d4747313-Reviews-Woodclose_Park-Kirkby_Lonsdale_Cumbria_England.html#REVIEWS
336,https://www.tripadvisor.co.uk/Hotel_Review-g551931-d2043837-Reviews-Lomond_Woods_Holiday_Park-Balloch_West_Dunbartonshire_Loch_Lomond_and_The_Trossachs_Na.html#REVIEWS
337,https://www.tripadvisor.co.uk/Hotel_Review-g551812-d4501313-Reviews-Inver_Coille_Camping_Glamping-Invermoriston_Loch_Ness_Region_Scottish_Highlands_Scotla.html#REVIEWS
338,https://www.tripadvisor.co.uk/Hotel_Review-g186346-d21380800-Reviews-Springwood_Shepherd_Huts-York_North_Yorkshire_England.html#REVIEWS
339,https://www.tripadvisor.co.uk/Hotel_Review-g1207257-d14085287-Reviews-Orchard_Pods-Offham_Kent_England.html#REVIEWS
340,https://www.tripadvisor.co.uk/Hotel_Review-g190744-d613926-Reviews-The_Falcon_Inn-Scarborough_Scarborough_District_North_Yorkshire_England.html#REVIEWS
341,https://www.tripadvisor.co.uk/Hotel_Review-g2138875-d4787055-Reviews-West_Stow_Pods-West_Stow_Bury_St_Edmunds_Suffolk_East_Anglia_England.html#REVIEWS
342,https://www.tripadvisor.co.uk/Hotel_Review-g186336-d2721435-Reviews-Lincoln_Yurts-Lincoln_Lincolnshire_England.html#REVIEWS
343,https://www.tripadvisor.co.uk/Hotel_Review-g2276084-d2276085-Reviews-Wild_Boar_Wood_Campsite-Horsted_Keynes_Haywards_Heath_West_Sussex_England.html#REVIEWS
344,https://www.tripadvisor.co.uk/Hotel_Review-g2069280-d5039590-Reviews-Daisy_Bank_Caravan_Park-Snead_Powys_Wales.html#REVIEWS
345,https://www.tripadvisor.co.uk/Hotel_Review-g504002-d4871967-Reviews-Dale_Farm-Hunmanby_Filey_Scarborough_District_North_Yorkshire_England.html#REVIEWS
346,https://www.tripadvisor.co.uk/Hotel_Review-g2059146-d5928236-Reviews-Dinas_Caravan_Park_Camping_Glamping-Dinas_Gwynedd_North_Wales_Wales.html#REVIEWS
347,https://www.tripadvisor.co.uk/Hotel_Review-g667388-d1173830-Reviews-Feather_Down_Wambrook_Farm-Chard_Somerset_England.html#REVIEWS
348,https://www.tripadvisor.co.uk/Hotel_Review-g1567704-d15308752-Reviews-Rackery_Retreat-Burton_Wrexham_County_North_Wales_Wales.html#REVIEWS
349,https://www.tripadvisor.co.uk/Hotel_Review-g209967-d23515089-Reviews-Spire_View_Yurts-Chesterfield_Derbyshire_England.html#REVIEWS
350,https://www.tripadvisor.co.uk/Hotel_Review-g1009894-d8004029-Reviews-Western_Meadows_Glamping-Launceston_Cornwall_England.html#REVIEWS
351,https://www.tripadvisor.co.uk/Hotel_Review-g947602-d21374043-Reviews-Ham_Hideaway-Ham_Deal_Kent_England.html#REVIEWS
352,https://www.tripadvisor.co.uk/Hotel_Review-g552003-d673545-Reviews-Nantcol_Waterfalls-Llanbedr_Snowdonia_National_Park_North_Wales_Wales.html#REVIEWS
353,https://www.tripadvisor.co.uk/Hotel_Review-g190813-d10475225-Reviews-Butt_Farm_Caravan_Camping_Glamping_Site-Beverley_East_Riding_of_Yorkshire_England.html#REVIEWS
354,https://www.tripadvisor.co.uk/Hotel_Review-g3390284-d20941217-Reviews-Borden_Bees_Glamping_And_Events-Borden_Sittingbourne_Kent_England.html#REVIEWS
355,https://www.tripadvisor.co.uk/Hotel_Review-g190744-d8023831-Reviews-Merry_Dales_Glamping_Bell_Tents-Scarborough_Scarborough_District_North_Yorkshire_Engla.html#REVIEWS
356,https://www.tripadvisor.co.uk/Hotel_Review-g674076-d6023844-Reviews-Wall_Eden_Farm_Holidays-Highbridge_Somerset_England.html#REVIEWS
357,https://www.tripadvisor.co.uk/Hotel_Review-g3191384-d6990290-Reviews-Shays_Farm_Campsite-Little_Budworth_Tarporley_Cheshire_England.html#REVIEWS
358,https://www.tripadvisor.co.uk/Hotel_Review-g1192242-d14927881-Reviews-Quex_Livery_Glamping_Holidays-Birchington_Isle_of_Thanet_Kent_England.html#REVIEWS
359,https://www.tripadvisor.co.uk/Hotel_Review-g1547138-d15553749-Reviews-Ernest_s_Retreat_Glamping_Site-Ashover_Chesterfield_Derbyshire_England.html#REVIEWS
360,https://www.tripadvisor.co.uk/Hotel_Review-g503889-d25097373-Reviews-Glamping_The_Wight_Way-Freshwater_Isle_of_Wight_England.html#REVIEWS
361,https://www.tripadvisor.co.uk/Hotel_Review-g2048899-d1486970-Reviews-Meon_Springs-East_Meon_Hampshire_England.html#REVIEWS
362,https://www.tripadvisor.co.uk/Hotel_Review-g499571-d10431138-Reviews-Calwich_Under_Canvas-Ashbourne_Derbyshire_England.html#REVIEWS
363,https://www.tripadvisor.co.uk/Hotel_Review-g316018-d4114845-Reviews-Kite_Hill_Yurts-Builth_Wells_Powys_Wales.html#REVIEWS
364,https://www.tripadvisor.co.uk/Hotel_Review-g1065822-d2108410-Reviews-Feather_Down_Midgham_Farm-Fordingbridge_New_Forest_National_Park_Hampshire_Hampshire_.html#REVIEWS
365,https://www.tripadvisor.co.uk/Hotel_Review-g445040-d7655672-Reviews-Larchfield_Estate-Lisburn_County_Antrim_Northern_Ireland.html#REVIEWS
366,https://www.tripadvisor.co.uk/Hotel_Review-g504203-d11704873-Reviews-The_Norman_Knight-Shipston_on_Stour_Cotswolds_England.html#REVIEWS
367,https://www.tripadvisor.co.uk/Hotel_Review-g552017-d12800419-Reviews-Bod_Hyfryd_B_B-Amlwch_Anglesey_North_Wales_Wales.html#REVIEWS
368,https://www.tripadvisor.co.uk/Hotel_Review-g2137418-d7112896-Reviews-The_Little_Abodes-Clachtoll_Scottish_Highlands_Scotland.html#REVIEWS
369,https://www.tripadvisor.co.uk/Hotel_Review-g1519618-d17592798-Reviews-Ivy_Bank_Staycation-Kirkby_Malzeard_Ripon_North_Yorkshire_England.html#REVIEWS
370,https://www.tripadvisor.co.uk/Hotel_Review-g1082588-d1073354-Reviews-Vobster_Inn_B_B-Vobster_Somerset_England.html#REVIEWS
371,https://www.tripadvisor.co.uk/Hotel_Review-g2211144-d7808346-Reviews-Pinewood_Camping_Pods-Lympne_Kent_England.html#REVIEWS
372,https://www.tripadvisor.co.uk/Hotel_Review-g4563705-d2663260-Reviews-High_Class_Camping_LTD-Arley_Bewdley_Worcestershire_England.html#REVIEWS
373,https://www.tripadvisor.co.uk/Hotel_Review-g186543-d1173741-Reviews-Tomatin_Glamping_Pods-Inverness_Scottish_Highlands_Scotland.html#REVIEWS
374,https://www.tripadvisor.co.uk/Hotel_Review-g1876154-d17689117-Reviews-Wood_View_Glamping-Bethersden_Kent_England.html#REVIEWS
375,https://www.tripadvisor.co.uk/Hotel_Review-g14023530-d19849765-Reviews-Lloyds_Meadow_Glamping-Mouldsworth_Cheshire_England.html#REVIEWS
376,https://www.tripadvisor.co.uk/Hotel_Review-g3555096-d16665351-Reviews-Oxford_Riverside_Glamping-Swinford_Oxfordshire_England.html#REVIEWS
377,https://www.tripadvisor.co.uk/Hotel_Review-g552068-d8310183-Reviews-Redwood_Valley_Woodland_Cabin_and_Yurt_Glamping-Presteigne_Powys_Wales.html#REVIEWS
378,https://www.tripadvisor.co.uk/Hotel_Review-g186368-d12455064-Reviews-Love2Stay-Shrewsbury_Shropshire_England.html#REVIEWS
379,https://www.tripadvisor.co.uk/Hotel_Review-g186423-d4688163-Reviews-Out_to_Grass_Camping_and_Glamping-Great_Malvern_Malvern_Hills_Worcestershire_England.html#REVIEWS
380,https://www.tripadvisor.co.uk/Hotel_Review-g191287-d10499988-Reviews-Erw_Glas_Glamping_and_Camping-Llanrwst_Conwy_County_North_Wales_Wales.html#REVIEWS
381,https://www.tripadvisor.co.uk/Hotel_Review-g1509008-d1771660-Reviews-Feather_Down_Hollings_Hill_Farm-Cradley_Herefordshire_England.html#REVIEWS
382,https://www.tripadvisor.co.uk/Hotel_Review-g3464118-d3264430-Reviews-Big_Bear_Lodge-Melverley_Shropshire_England.html#REVIEWS
383,https://www.tripadvisor.co.uk/Hotel_Review-g23030330-d23407413-Reviews-Willowtree_Glamping-Newry_County_Down_Northern_Ireland.html#REVIEWS
384,https://www.tripadvisor.co.uk/Hotel_Review-g2099835-d6624127-Reviews-Andrewshayes_Holiday_Park-Dalwood_Devon_England.html#REVIEWS
385,https://www.tripadvisor.co.uk/Hotel_Review-g552064-d654586-Reviews-Eco_Retreats_Forest_Retreat-Machynlleth_Powys_Wales.html#REVIEWS
386,https://www.tripadvisor.co.uk/Hotel_Review-g1826002-d17784724-Reviews-Parc_Maerdy_Glamping_Holidays-Llandysul_Ceredigion_Wales.html#REVIEWS
387,https://www.tripadvisor.co.uk/Hotel_Review-g10518024-d23338821-Reviews-Castle_Guards_Farm_Retreat-Bridekirk_Cockermouth_Lake_District_Cumbria_England.html#REVIEWS
388,https://www.tripadvisor.co.uk/Hotel_Review-g6372052-d12388569-Reviews-Shropshire_Hills_Glamping-Broome_Craven_Arms_Shropshire_England.html#REVIEWS
389,https://www.tripadvisor.co.uk/Hotel_Review-g1518979-d23956503-Reviews-Hidden_Retreat_Glamping-Shotley_Bridge_County_Durham_England.html#REVIEWS
390,https://www.tripadvisor.co.uk/Hotel_Review-g6650928-d4223569-Reviews-Malting_Farm-Little_Bentley_Colchester_Essex_England.html#REVIEWS
391,https://www.tripadvisor.co.uk/Hotel_Review-g315979-d4156402-Reviews-The_Three_Horseshoes-Louth_Lincolnshire_England.html#REVIEWS
392,https://www.tripadvisor.co.uk/Hotel_Review-g580404-d4741331-Reviews-Widemouth_Fields-Widemouth_Bay_Bude_Bude_Stratton_Cornwall_England.html#REVIEWS
393,https://www.tripadvisor.co.uk/Hotel_Review-g186517-d12525240-Reviews-Wigwam_Holidays_Moffat-Moffat_Dumfries_and_Galloway_Scotland.html#REVIEWS
394,https://www.tripadvisor.co.uk/Hotel_Review-g1115266-d2360730-Reviews-Whitehall_Farm_Accommodation-Burnham_Thorpe_Norfolk_East_Anglia_England.html#REVIEWS
395,https://www.tripadvisor.co.uk/Hotel_Review-g186400-d11701881-Reviews-TinyWood_Homes-Warwick_Warwickshire_England.html#REVIEWS
396,https://www.tripadvisor.co.uk/Hotel_Review-g504128-d14070607-Reviews-Field_725_Frome-Frome_Somerset_England.html#REVIEWS
397,https://www.tripadvisor.co.uk/Hotel_Review-g2035123-d4747596-Reviews-Home_Farm_Caravan_and_Campsite-Radnage_Buckinghamshire_England.html#REVIEWS
398,https://www.tripadvisor.co.uk/Hotel_Review-g551958-d6714702-Reviews-Queensberry_Bay_Leisure_Park-Powfoot_Dumfries_and_Galloway_Scotland.html#REVIEWS
399,https://www.tripadvisor.co.uk/Hotel_Review-g503728-d21187030-Reviews-Lanterns_Shepherds_Huts_And_Glamping-Happisburgh_Norfolk_East_Anglia_England.html#REVIEWS
400,https://www.tripadvisor.co.uk/Hotel_Review-g2137552-d1119961-Reviews-The_Slate_Shed_B_B_at_Graig_Wen-Arthog_Gwynedd_North_Wales_Wales.html#REVIEWS
401,https://www.tripadvisor.co.uk/Hotel_Review-g190815-d4081835-Reviews-Wild_Rose_Park-Appleby_in_Westmorland_Eden_District_Lake_District_Cumbria_England.html#REVIEWS
402,https://www.tripadvisor.co.uk/Hotel_Review-g2064950-d10207728-Reviews-The_Secret_Yurts-Dolanog_Powys_Wales.html#REVIEWS
403,https://www.tripadvisor.co.uk/Hotel_Review-g1936844-d8326176-Reviews-Windmill_Campersite-Carisbrooke_Isle_of_Wight_England.html#REVIEWS
404,https://www.tripadvisor.co.uk/Hotel_Review-g503948-d23640955-Reviews-Ribble_Valley_Retreat-Langho_Lancashire_England.html#REVIEWS
405,https://www.tripadvisor.co.uk/Hotel_Review-g503948-d19409413-Reviews-Wigwam_Holidays_Ribble_Valley-Langho_Lancashire_England.html#REVIEWS
406,https://www.tripadvisor.co.uk/Hotel_Review-g1788648-d18854172-Reviews-Yurtshire-Aldfield_Ripon_North_Yorkshire_England.html#REVIEWS
407,https://www.tripadvisor.co.uk/Hotel_Review-g1096806-d17806826-Reviews-Little_Pig_Glamping-Huxley_Cheshire_England.html#REVIEWS
408,https://www.tripadvisor.co.uk/Hotel_Review-g776616-d23587447-Reviews-Wolds_Walk_Glamping-Malton_North_Yorkshire_England.html#REVIEWS
409,https://www.tripadvisor.co.uk/Hotel_Review-g1749693-d3443629-Reviews-East_Thorne_Cornwall_Yurts_and_Cottages-Kilkhampton_Bude_Bude_Stratton_Cornwall_Engla.html#REVIEWS
410,https://www.tripadvisor.co.uk/Hotel_Review-g186400-d10407235-Reviews-Warwick_Castle_Knight_s_Village-Warwick_Warwickshire_England.html#REVIEWS
411,https://www.tripadvisor.co.uk/Hotel_Review-g503884-d25068046-Reviews-Goytree_Glamping_and_Treehouses-Walterstone_Herefordshire_England.html#REVIEWS
412,https://www.tripadvisor.co.uk/Hotel_Review-g1076988-d23409261-Reviews-The_Secret_Garden_Glamping-Skelmersdale_Lancashire_England.html#REVIEWS
413,https://www.tripadvisor.co.uk/Hotel_Review-g6518118-d21203482-Reviews-Cherry_Tree_Glamping-Miserden_Stroud_Stroud_District_Cotswolds_England.html#REVIEWS
414,https://www.tripadvisor.co.uk/Hotel_Review-g7178410-d7968586-Reviews-Argoed_Barns-Talachddu_Brecon_Beacons_National_Park_Wales.html#REVIEWS
415,https://www.tripadvisor.co.uk/Hotel_Review-g551721-d1877678-Reviews-Mountain_Cottage_Yurts-Wimborne_Minster_Dorset_England.html#REVIEWS
416,https://www.tripadvisor.co.uk/Hotel_Review-g1873912-d6463563-Reviews-The_Orchard_Retreat-Cheriton_Fitzpaine_Devon_England.html#REVIEWS
417,https://www.tripadvisor.co.uk/Hotel_Review-g1587918-d2211704-Reviews-Dalby_Forest_Caravan_Camping_Site-Thornton_Le_Dale_North_York_Moors_National_Park_Nor.html#REVIEWS
418,https://www.tripadvisor.co.uk/Hotel_Review-g652382-d14138501-Reviews-Glastonbury_Valley_Glamping-Shepton_Mallet_Somerset_England.html#REVIEWS
419,https://www.tripadvisor.co.uk/Hotel_Review-g4564747-d3813890-Reviews-Heathside_Lodges-Wenhaston_Southwold_Suffolk_East_Anglia_England.html#REVIEWS
420,https://www.tripadvisor.co.uk/Hotel_Review-g676749-d3536866-Reviews-Dawn_Chorus_Holidays_The_Pines-Beccles_Suffolk_East_Anglia_England.html#REVIEWS
421,https://www.tripadvisor.co.uk/Hotel_Review-g551733-d10172191-Reviews-Mountain_Sky_Luxury_Glamping-Dungiven_County_Londonderry_Northern_Ireland.html#REVIEWS
422,https://www.tripadvisor.co.uk/Hotel_Review-g2456855-d12570098-Reviews-Cwt_Gwyrdd_Shepherd_s_Hut_and_Pod_Glamping-Crosswell_Pembrokeshire_Wales.html#REVIEWS
423,https://www.tripadvisor.co.uk/Hotel_Review-g503968-d12533678-Reviews-Fair_Farm_Hideaway-Waltham_on_the_Wolds_Melton_Mowbray_Leicestershire_England.html#REVIEWS
424,https://www.tripadvisor.co.uk/Hotel_Review-g4473227-d4436546-Reviews-Blackberry_Wood-Streat_East_Sussex_England.html#REVIEWS
425,https://www.tripadvisor.co.uk/Hotel_Review-g3654345-d8423553-Reviews-The_Blackberries_Camping_Park-Monkton_Farleigh_Wiltshire_England.html#REVIEWS
426,https://www.tripadvisor.co.uk/Hotel_Review-g552054-d16663799-Reviews-Big_Barn_Camping-Laugharne_Carmarthenshire_Wales.html#REVIEWS
427,https://www.tripadvisor.co.uk/Hotel_Review-g635920-d8695211-Reviews-Meadow_Falls-Ingleton_Yorkshire_Dales_National_Park_North_Yorkshire_England.html#REVIEWS
428,https://www.tripadvisor.co.uk/Hotel_Review-g2211144-d2360654-Reviews-Giraffe_Lodge-Lympne_Kent_England.html#REVIEWS
429,https://www.tripadvisor.co.uk/Hotel_Review-g1096426-d4052450-Reviews-Welsummer_Camping-Harrietsham_Kent_England.html#REVIEWS
430,https://www.tripadvisor.co.uk/Hotel_Review-g191275-d12591966-Reviews-Nyth_Robin-Aberdyfi_Aberdovey_Snowdonia_National_Park_North_Wales_Wales.html#REVIEWS
431,https://www.tripadvisor.co.uk/Hotel_Review-g499571-d7378550-Reviews-Mulino_Pods-Ashbourne_Derbyshire_England.html#REVIEWS
432,https://www.tripadvisor.co.uk/Hotel_Review-g1096724-d23511944-Reviews-Big_Skies_Cotswold_Glamping-Charlton_Kings_Cheltenham_Cotswolds_England.html#REVIEWS
433,https://www.tripadvisor.co.uk/Hotel_Review-g551721-d21258987-Reviews-RIVENDELL_PARK-Wimborne_Minster_Dorset_England.html#REVIEWS
434,https://www.tripadvisor.co.uk/Hotel_Review-g186240-d11746010-Reviews-Boswarthen_Farm-Penzance_Cornwall_England.html#REVIEWS
435,https://www.tripadvisor.co.uk/Hotel_Review-g1473593-d24831871-Reviews-Ty_Uchaf_Farm_Glamping-Caergwrle_Flintshire_North_Wales_Wales.html#REVIEWS
436,https://www.tripadvisor.co.uk/Hotel_Review-g190923-d671784-Reviews-Harvest_Moon_Holidays-Dunbar_East_Lothian_Scotland.html#REVIEWS
437,https://www.tripadvisor.co.uk/Hotel_Review-g186266-d17398387-Reviews-Swanage_Glamping-Swanage_Isle_of_Purbeck_Dorset_England.html#REVIEWS
438,https://www.tripadvisor.co.uk/Hotel_Review-g666517-d23513909-Reviews-Hillhead_Hideaways-Keith_Moray_Scotland.html#REVIEWS
439,https://www.tripadvisor.co.uk/Hotel_Review-g503725-d6621116-Reviews-Ling_s_Meadow-Diss_Norfolk_East_Anglia_England.html#REVIEWS
440,https://www.tripadvisor.co.uk/Hotel_Review-g209965-d211323-Reviews-Woolley_Grange_Hotel-Bradford_on_Avon_Wiltshire_England.html#REVIEWS
441,https://www.tripadvisor.co.uk/Hotel_Review-g954031-d3520976-Reviews-Laurel_Park_Campsite-Spalding_Lincolnshire_England.html#REVIEWS
442,https://www.tripadvisor.co.uk/Hotel_Review-g504074-d23448632-Reviews-Wolds_Wine_Estate-Stanton_on_the_Wolds_Nottinghamshire_England.html#REVIEWS
443,https://www.tripadvisor.co.uk/Hotel_Review-g551706-d2192046-Reviews-Old_Bidlake_Farm-Bridport_Dorset_England.html#REVIEWS
444,https://www.tripadvisor.co.uk/Hotel_Review-g186368-d8412079-Reviews-Lower_Hill_Camp_Site-Shrewsbury_Shropshire_England.html#REVIEWS
445,https://www.tripadvisor.co.uk/Hotel_Review-g8678254-d13395677-Reviews-Welcombe_Meadow-High_Bickington_Devon_England.html#REVIEWS
446,https://www.tripadvisor.co.uk/Hotel_Review-g504009-d13172914-Reviews-Sedgewell_Barn_Wigwams-Northallerton_North_Yorkshire_England.html#REVIEWS
447,https://www.tripadvisor.co.uk/Hotel_Review-g186422-d12563482-Reviews-The_Orchard_Getaway-Evesham_Worcestershire_England.html#REVIEWS
448,https://www.tripadvisor.co.uk/Hotel_Review-g503736-d14046812-Reviews-Bumblebarn_Bell_Tents-Sheringham_Norfolk_East_Anglia_England.html#REVIEWS
449,https://www.tripadvisor.co.uk/Hotel_Review-g7146603-d19582681-Reviews-Brocklands_Farm-West_Meon_Hampshire_England.html#REVIEWS
450,https://www.tripadvisor.co.uk/Hotel_Review-g186305-d9984395-Reviews-Camping_and_Caravanning_Club_Hertford-Hertford_Hertfordshire_England.html#REVIEWS
451,https://www.tripadvisor.co.uk/Hotel_Review-g806083-d9702785-Reviews-The_Gathering_Edale-Edale_Hope_Valley_Peak_District_National_Park_England.html#REVIEWS
452,https://www.tripadvisor.co.uk/Hotel_Review-g2431915-d6902202-Reviews-Tayview_Caravan_Camping_Park-Monifieth_Angus_Scotland.html#REVIEWS
453,https://www.tripadvisor.co.uk/Hotel_Review-g1807555-d12861893-Reviews-Skipbridge_Farm_Cottages-Green_Hammerton_North_Yorkshire_England.html#REVIEWS
454,https://www.tripadvisor.co.uk/Hotel_Review-g209968-d12592645-Reviews-Peak_Pods-Bakewell_Peak_District_National_Park_England.html#REVIEWS
455,https://www.tripadvisor.co.uk/Hotel_Review-g186494-d7052585-Reviews-Drumshademuir_Caravan_Camping_Park-Forfar_Angus_Scotland.html#REVIEWS
456,https://www.tripadvisor.co.uk/Hotel_Review-g191258-d25418863-Reviews-Country_Glamping_Co-Bishop_Auckland_County_Durham_England.html#REVIEWS
457,https://www.tripadvisor.co.uk/Hotel_Review-g1637308-d1075001-Reviews-Woodland_Tipis_and_Yurts-Little_Dewchurch_Herefordshire_England.html#REVIEWS
458,https://www.tripadvisor.co.uk/Hotel_Review-g190755-d4801211-Reviews-Digeddi-Hay_on_Wye_Powys_Wales.html#REVIEWS
459,https://www.tripadvisor.co.uk/Hotel_Review-g186288-d12494044-Reviews-Moreton_in_Marsh_Caravan_Club_Site-Moreton_in_Marsh_Cotswolds_England.html#REVIEWS
460,https://www.tripadvisor.co.uk/Hotel_Review-g552048-d2070142-Reviews-Hangmans_Hall-Pembroke_Pembrokeshire_Wales.html#REVIEWS
461,https://www.tripadvisor.co.uk/Hotel_Review-g186330-d1068239-Reviews-YHA_Windermere-Windermere_Lake_District_Cumbria_England.html#REVIEWS
462,https://www.tripadvisor.co.uk/Hotel_Review-g1009894-d21187007-Reviews-Pattacott_Farm_Camping_Glamping-Launceston_Cornwall_England.html#REVIEWS
463,https://www.tripadvisor.co.uk/Hotel_Review-g191279-d23357868-Reviews-Hayton_Hideaways-Brampton_Cumbria_England.html#REVIEWS
464,https://www.tripadvisor.co.uk/Hotel_Review-g186509-d7093441-Reviews-Ettrick_Valley_Yurts-Selkirk_Scottish_Borders_Scotland.html#REVIEWS
465,https://www.tripadvisor.co.uk/Hotel_Review-g644368-d10807776-Reviews-Woodland_Gardens_Caravan_Camping_Site-Lundin_Links_Fife_Scotland.html#REVIEWS
466,https://www.tripadvisor.co.uk/Hotel_Review-g186327-d4562981-Reviews-Castlerigg_Hall_Caravan_and_Camping_Park-Keswick_Lake_District_Cumbria_England.html#REVIEWS
467,https://www.tripadvisor.co.uk/Hotel_Review-g1195491-d4820290-Reviews-Feather_Down_Upper_Shadymoor_Farm-Stapleton_Shrewsbury_Shropshire_England.html#REVIEWS
468,https://www.tripadvisor.co.uk/Hotel_Review-g528764-d8029377-Reviews-Hampsley_Hollow_Boutique_Camping-Calne_Wiltshire_England.html#REVIEWS
469,https://www.tripadvisor.co.uk/Hotel_Review-g190755-d19939212-Reviews-By_the_Wye-Hay_on_Wye_Powys_Wales.html#REVIEWS
470,https://www.tripadvisor.co.uk/Hotel_Review-g2137553-d2664626-Reviews-Cwm_Tawel_Yurts-Maesteg_Bridgend_County_South_Wales_Wales.html#REVIEWS
471,https://www.tripadvisor.co.uk/Hotel_Review-g551684-d10321525-Reviews-Devon_Yurt-Lifton_Devon_England.html#REVIEWS
472,https://www.tripadvisor.co.uk/Hotel_Review-g190797-d12559579-Reviews-Gorsey_Meadow-Dereham_Norfolk_East_Anglia_England.html#REVIEWS
473,https://www.tripadvisor.co.uk/Hotel_Review-g1747475-d8596911-Reviews-Waydown_Shepherds_Huts-Pyecombe_West_Sussex_England.html#REVIEWS
474,https://www.tripadvisor.co.uk/Hotel_Review-g551610-d1849266-Reviews-Jersey_Yurt_Holidays-St_Aubin_St_Brelade_Jersey_Channel_Islands.html#REVIEWS
475,https://www.tripadvisor.co.uk/Hotel_Review-g186353-d4586313-Reviews-Wild_Northumbrian-Northumberland_National_Park_Northumberland_England.html#REVIEWS
476,https://www.tripadvisor.co.uk/Hotel_Review-g1648489-d8546646-Reviews-Puddledock_Glamping-Upstreet_Canterbury_Kent_England.html#REVIEWS
477,https://www.tripadvisor.co.uk/Hotel_Review-g190766-d1141205-Reviews-Wowo_Campsite-Uckfield_East_Sussex_England.html#REVIEWS
478,https://www.tripadvisor.co.uk/Hotel_Review-g190744-d10380472-Reviews-The_Paddock_Caravan_and_Camping-Scarborough_Scarborough_District_North_Yorkshire_Engl.html#REVIEWS
479,https://www.tripadvisor.co.uk/Hotel_Review-g3701245-d6614305-Reviews-Whitlingham_Broad_Campsite-Trowse_Newton_Norfolk_East_Anglia_England.html#REVIEWS
480,https://www.tripadvisor.co.uk/Hotel_Review-g186283-d19378787-Reviews-The_Wildings_Campsite-Bourton_on_the_Water_Cotswolds_England.html#REVIEWS
481,https://www.tripadvisor.co.uk/Hotel_Review-g1533388-d2142057-Reviews-Hideaway_Huts_at_Treworgey-Duloe_Cornwall_England.html#REVIEWS
482,https://www.tripadvisor.co.uk/Hotel_Review-g19067334-d19060070-Reviews-Water_Hall_Farm_Cottages-Sutton_under_Whitestonecliffe_North_Yorkshire_England.html#REVIEWS
483,https://www.tripadvisor.co.uk/Hotel_Review-g2337533-d4474597-Reviews-Cobbleacre_Lakes-Hevingham_Norfolk_East_Anglia_England.html#REVIEWS
484,https://www.tripadvisor.co.uk/Hotel_Review-g503726-d24133659-Reviews-Range_Farm_Glamping_Norfolk_Ltd-Fakenham_Norfolk_East_Anglia_England.html#REVIEWS
485,https://www.tripadvisor.co.uk/Hotel_Review-g551706-d10404761-Reviews-The_Dorset_Hideaway-Bridport_Dorset_England.html#REVIEWS
486,https://www.tripadvisor.co.uk/Hotel_Review-g186327-d1908846-Reviews-Burns_Farm_Caravans_Camping_Glamping-Keswick_Lake_District_Cumbria_England.html#REVIEWS
487,https://www.tripadvisor.co.uk/Hotel_Review-g4275193-d23690900-Reviews-Emlyn_s_Coppice_Woodland_Glamping-Gwespyr_Flintshire_North_Wales_Wales.html#REVIEWS
488,https://www.tripadvisor.co.uk/Hotel_Review-g1738769-d24109466-Reviews-Dorothy_Goes_Glamping_Woodland_Escape-South_Barrow_Somerset_England.html#REVIEWS
489,https://www.tripadvisor.co.uk/Hotel_Review-g1572566-d2166406-Reviews-Feather_Down_Billingsmoor_Farm-Butterleigh_Cullompton_Devon_England.html#REVIEWS
490,https://www.tripadvisor.co.uk/Hotel_Review-g551836-d22888864-Reviews-Queensland_holiday_park-Girvan_South_Ayrshire_Ayrshire_Scotland.html#REVIEWS
491,https://www.tripadvisor.co.uk/Hotel_Review-g1965767-d24147329-Reviews-Briarwood_Glamping-North_Luffenham_Rutland_England.html#REVIEWS
492,https://www.tripadvisor.co.uk/Hotel_Review-g504136-d21283126-Reviews-Quantock_Glamping-North_Petherton_Bridgwater_Somerset_England.html#REVIEWS
493,https://www.tripadvisor.co.uk/Hotel_Review-g503806-d1828441-Reviews-Whitemead_Forest_Park-Parkend_Lydney_Forest_of_Dean_Gloucestershire_England.html#REVIEWS
494,https://www.tripadvisor.co.uk/Hotel_Review-g1761550-d1867227-Reviews-Feather_Down_Lunsford_Farm-Pett_Hastings_East_Sussex_England.html#REVIEWS
495,https://www.tripadvisor.co.uk/Hotel_Review-g319810-d2224473-Reviews-Feather_Down_Chesters-Jedburgh_Scottish_Borders_Scotland.html#REVIEWS
496,https://www.tripadvisor.co.uk/Hotel_Review-g1443822-d14936387-Reviews-Catchpenny_Safari_Lodges-Elie_Fife_Scotland.html#REVIEWS
497,https://www.tripadvisor.co.uk/Hotel_Review-g186220-d12919101-Reviews-Bristol_View_Glamping-Bristol_England.html#REVIEWS
498,https://www.tripadvisor.co.uk/Hotel_Review-g1646534-d12723987-Reviews-Happy_Valley_Norfolk_Venue_Glamping_Retreat-Grimston_Norfolk_East_Anglia_England.html#REVIEWS
499,https://www.tripadvisor.co.uk/Hotel_Review-g552035-d4750533-Reviews-Clwydian_Holidays_Glamping_Pods_and_Campsite-Ruthin_Denbighshire_North_Wales_Wales.html#REVIEWS
500,https://www.tripadvisor.co.uk/Hotel_Review-g2063996-d18206256-Reviews-Glampio_Coed_Glamping-Rhoshirwaun_Gwynedd_North_Wales_Wales.html#REVIEWS
501,https://www.tripadvisor.co.uk/Hotel_Review-g186445-d15097554-Reviews-Ty_Cerrig_Glamping-Snowdonia_National_Park_North_Wales_Wales.html#REVIEWS
502,https://www.tripadvisor.co.uk/Hotel_Review-g3418159-d8442861-Reviews-Anita_s_Touring_Caravan_Park-Mollington_Oxfordshire_England.html#REVIEWS
503,https://www.tripadvisor.co.uk/Hotel_Review-g14968589-d12926311-Reviews-Tin_Can_Camping-Mundham_Norfolk_East_Anglia_England.html#REVIEWS
504,https://www.tripadvisor.co.uk/Hotel_Review-g1117209-d4799073-Reviews-Wolferlow_Wigwams-Tenbury_Wells_Worcestershire_England.html#REVIEWS
505,https://www.tripadvisor.co.uk/Hotel_Review-g12316611-d10062155-Reviews-A_Place_In_The_PInes-Thimbleby_North_Yorkshire_England.html#REVIEWS
506,https://www.tripadvisor.co.uk/Hotel_Review-g551751-d15771079-Reviews-Wigwam_Holidays_Montrave_Estate-Leven_Levenmouth_Fife_Scotland.html#REVIEWS
507,https://www.tripadvisor.co.uk/Hotel_Review-g1439411-d8665587-Reviews-St_Helens_in_the_Park_Caravan_Camping-Wykeham_North_Yorkshire_England.html#REVIEWS
508,https://www.tripadvisor.co.uk/Hotel_Review-g503755-d23391613-Reviews-Lower_Gate_Glamping-Battle_East_Sussex_England.html#REVIEWS
509,https://www.tripadvisor.co.uk/Hotel_Review-g19770025-d19769775-Reviews-AC_DC_Glamping-New_Aberdour_Aberdeenshire_Scotland.html#REVIEWS
510,https://www.tripadvisor.co.uk/Hotel_Review-g1458297-d24117150-Reviews-Rathlin_Glamping_Pods-Rathlin_Island_County_Antrim_Northern_Ireland.html#REVIEWS
511,https://www.tripadvisor.co.uk/Hotel_Review-g551720-d7904864-Reviews-Longthorns_Farm-Wareham_Dorset_England.html#REVIEWS
512,https://www.tripadvisor.co.uk/Hotel_Review-g551923-d10843143-Reviews-Roseland_Lodge_Park-Isle_of_Bute_Argyll_and_Bute_Scotland.html#REVIEWS
513,https://www.tripadvisor.co.uk/Hotel_Review-g190928-d13561988-Reviews-IntentsGP_Isle_of_Man_TT_IOMTT-Douglas_Isle_of_Man.html#REVIEWS
514,https://www.tripadvisor.co.uk/Hotel_Review-g2173711-d10641886-Reviews-Thornfield_Camping_Cabins-Dalston_Carlisle_Cumbria_England.html#REVIEWS
515,https://www.tripadvisor.co.uk/Hotel_Review-g503922-d21248191-Reviews-Ellenden_Farm_Glamping-Whitstable_Kent_England.html#REVIEWS
516,https://www.tripadvisor.co.uk/Hotel_Review-g190807-d17697250-Reviews-Coastal_Cabins_Glamping-Bideford_Torridge_Devon_England.html#REVIEWS
517,https://www.tripadvisor.co.uk/Hotel_Review-g316011-d1056407-Reviews-Fforest_Farm-Cardigan_Ceredigion_Wales.html#REVIEWS
518,https://www.tripadvisor.co.uk/Hotel_Review-g552055-d657005-Reviews-Cledan_Valley-Carno_Powys_Wales.html#REVIEWS
519,https://www.tripadvisor.co.uk/Hotel_Review-g316018-d12642860-Reviews-Celtic_Woodland_Holidays-Builth_Wells_Powys_Wales.html#REVIEWS
520,https://www.tripadvisor.co.uk/Hotel_Review-g1173140-d21377435-Reviews-Southwell_Retreat_Glamping_Pods-Southwell_Newark_on_Trent_Nottinghamshire_England.html#REVIEWS
521,https://www.tripadvisor.co.uk/Hotel_Review-g2049737-d4090694-Reviews-Octolodges-Haverthwaite_Lake_District_Cumbria_England.html#REVIEWS
522,https://www.tripadvisor.co.uk/Hotel_Review-g1096504-d24064506-Reviews-GreenWood_Tipi_Glamping-Y_Felinheli_Gwynedd_North_Wales_Wales.html#REVIEWS
523,https://www.tripadvisor.co.uk/Hotel_Review-g1928256-d16742630-Reviews-Boundary_Farm_Glamping-Kelsale_Saxmundham_Suffolk_East_Anglia_England.html#REVIEWS
524,https://www.tripadvisor.co.uk/Hotel_Review-g551795-d18452678-Reviews-Pitilie_Pods_Luxury_Glamping_Pods_and_Luxury_Self_Catering_Accommodation-Aberfeldy_Pe.html#REVIEWS
525,https://www.tripadvisor.co.uk/Hotel_Review-g190795-d10754560-Reviews-Rossharbour-Enniskillen_County_Fermanagh_Northern_Ireland.html#REVIEWS
526,https://www.tripadvisor.co.uk/Hotel_Review-g6739933-d3361314-Reviews-Storm_Pods-Lagavulin_Port_Ellen_Islay_The_Hebrides_Scotland.html#REVIEWS
527,https://www.tripadvisor.co.uk/Hotel_Review-g186273-d4604428-Reviews-Brighton_Caravan_Club_Site-Brighton_East_Sussex_England.html#REVIEWS
528,https://www.tripadvisor.co.uk/Hotel_Review-g3380114-d12900089-Reviews-The_Swallows_Camping_and_Caravan_Site_and_B_B-Seend_Melksham_Wiltshire_England.html#REVIEWS
529,https://www.tripadvisor.co.uk/Hotel_Review-g776120-d4454893-Reviews-North_Shire-Saltburn_by_the_Sea_North_Yorkshire_England.html#REVIEWS
530,https://www.tripadvisor.co.uk/Hotel_Review-g186324-d1452321-Reviews-The_Yan_at_Broadrayne-Grasmere_Lake_District_Cumbria_England.html#REVIEWS
531,https://www.tripadvisor.co.uk/Hotel_Review-g616266-d2559330-Reviews-The_New_Inn_Brilley-Whitney_on_Wye_Herefordshire_England.html#REVIEWS
532,https://www.tripadvisor.co.uk/Hotel_Review-g1601289-d21234466-Reviews-Ribblesdale_Pods-Horton_in_Ribblesdale_North_Yorkshire_England.html#REVIEWS
533,https://www.tripadvisor.co.uk/Hotel_Review-g551918-d3162085-Reviews-Blackwater_Hostel-Kinlochleven_Lochaber_Scottish_Highlands_Scotland.html#REVIEWS
534,https://www.tripadvisor.co.uk/Hotel_Review-g316015-d12515691-Reviews-Tregroes_Caravan_Camping_Glamping-Fishguard_Pembrokeshire_Wales.html#REVIEWS
535,https://www.tripadvisor.co.uk/Hotel_Review-g504203-d8616343-Reviews-Cotswolds_Camping_at_Holycombe-Shipston_on_Stour_Cotswolds_England.html#REVIEWS
536,https://www.tripadvisor.co.uk/Hotel_Review-g551767-d15034234-Reviews-Macbeth_s_Hillock-Forres_Moray_Scotland.html#REVIEWS
537,https://www.tripadvisor.co.uk/Hotel_Review-g1983683-d621636-Reviews-Tregavone_Touring_Park-St_Merryn_Padstow_Cornwall_England.html#REVIEWS
538,https://www.tripadvisor.co.uk/Hotel_Review-g1755005-d10411273-Reviews-Hideaway_Camping-Northlew_Devon_England.html#REVIEWS
539,https://www.tripadvisor.co.uk/Hotel_Review-g552064-d1014462-Reviews-Gwalia_Farm-Machynlleth_Powys_Wales.html#REVIEWS
540,https://www.tripadvisor.co.uk/Hotel_Review-g503755-d2098765-Reviews-Bluebell_Coppice_Park_Camping_and_Glamping_Resort-Battle_East_Sussex_England.html#REVIEWS
541,https://www.tripadvisor.co.uk/Hotel_Review-g1786932-d18894609-Reviews-Tall_Trees_Glamping-Baltonsborough_Somerset_England.html#REVIEWS
542,https://www.tripadvisor.co.uk/Hotel_Review-g1936663-d23386332-Reviews-Moat_Island_Glamping-Haveringland_Norfolk_East_Anglia_England.html#REVIEWS
543,https://www.tripadvisor.co.uk/Hotel_Review-g6636659-d8407836-Reviews-Rosevidney_Glamping-Crowlas_Penzance_Cornwall_England.html#REVIEWS
544,https://www.tripadvisor.co.uk/Hotel_Review-g4608833-d23479147-Reviews-COUTTS_GLAMPING-Edmonton_Wadebridge_Cornwall_England.html#REVIEWS
545,https://www.tripadvisor.co.uk/Hotel_Review-g1861864-d19985066-Reviews-Byford_Glamping-Byford_Herefordshire_England.html#REVIEWS
546,https://www.tripadvisor.co.uk/Hotel_Review-g10753008-d23143298-Reviews-Brackenhill_Glamping-Ugborough_Devon_England.html#REVIEWS
547,https://www.tripadvisor.co.uk/Hotel_Review-g552074-d4311002-Reviews-Ty_Coch_Camping_and_Caravanning-St_Brides_Wentlooge_Newport_South_Wales_Wales.html#REVIEWS
548,https://www.tripadvisor.co.uk/Hotel_Review-g503899-d18114275-Reviews-Star_Field_Glamping_Camping-Cranbrook_Kent_England.html#REVIEWS
549,https://www.tripadvisor.co.uk/Hotel_Review-g12008692-d23302359-Reviews-Glamping_at_Holly_Grove_Farm-Bagnall_Staffordshire_England.html#REVIEWS
550,https://www.tripadvisor.co.uk/Hotel_Review-g672146-d23650404-Reviews-Thorning_Farm_Glamping_And_Camping-Pendine_Carmarthenshire_Wales.html#REVIEWS
551,https://www.tripadvisor.co.uk/Hotel_Review-g776120-d24953934-Reviews-Clover_Hill_Farm_Glamping_And_Cottages-Saltburn_by_the_Sea_North_Yorkshire_England.html#REVIEWS
552,https://www.tripadvisor.co.uk/Hotel_Review-g4041688-d5063870-Reviews-Mallinson_s_Woodland_Retreat-Holditch_Dorset_England.html#REVIEWS
553,https://www.tripadvisor.co.uk/Hotel_Review-g1759871-d2701566-Reviews-Littondale_Country_Leisure_Park-Arncliffe_Yorkshire_Dales_National_Park_North_Yorkshi.html#REVIEWS
554,https://www.tripadvisor.co.uk/Hotel_Review-g1208080-d19636685-Reviews-Yeabridge_Farm_Hideaway-South_Petherton_Somerset_England.html#REVIEWS
555,https://www.tripadvisor.co.uk/Hotel_Review-g209938-d17636606-Reviews-Bluebell_Lane-Newry_County_Down_Northern_Ireland.html#REVIEWS
556,https://www.tripadvisor.co.uk/Hotel_Review-g4413277-d4322248-Reviews-West_Tyning_Bed_Breakfast-Bitton_Gloucestershire_England.html#REVIEWS
557,https://www.tripadvisor.co.uk/Hotel_Review-g186506-d1958142-Reviews-Roulotte_Retreat-Melrose_Scottish_Borders_Scotland.html#REVIEWS
558,https://www.tripadvisor.co.uk/Hotel_Review-g672146-d20209100-Reviews-Meadow_Glamping-Pendine_Carmarthenshire_Wales.html#REVIEWS
559,https://www.tripadvisor.co.uk/Hotel_Review-g1837413-d1837411-Reviews-St_Swithins_Cottage-Hurst_Wokingham_Berkshire_England.html#REVIEWS
560,https://www.tripadvisor.co.uk/Hotel_Review-g528871-d24989423-Reviews-Treguth_Glamping-Redruth_Cornwall_England.html#REVIEWS
561,https://www.tripadvisor.co.uk/Hotel_Review-g7193425-d13431343-Reviews-Luckaborough_Glamping-Yarnscombe_Devon_England.html#REVIEWS
562,https://www.tripadvisor.co.uk/Hotel_Review-g191250-d16646219-Reviews-Glenshee_Glamping-Blairgowrie_Perth_and_Kinross_Scotland.html#REVIEWS
563,https://www.tripadvisor.co.uk/Hotel_Review-g21229319-d21223290-Reviews-Goxhill_Meadows_Eco_Friendly_Glamping-Goxhill_East_Riding_of_Yorkshire_England.html#REVIEWS
564,https://www.tripadvisor.co.uk/Hotel_Review-g1759877-d24191201-Reviews-Northcote_Pods_Yorkshire_Dales_Glamping-Kilnsey_Yorkshire_Dales_National_Park_North_.html#REVIEWS
565,https://www.tripadvisor.co.uk/Hotel_Review-g504028-d16640042-Reviews-Silverstone_Glamping_And_Pre_Pitched_Camping_With_intentsGP-Silverstone_Northamptonsh.html#REVIEWS
566,https://www.tripadvisor.co.uk/Hotel_Review-g1854267-d1854269-Reviews-The_Black_Swan-Ravenstonedale_Eden_District_Lake_District_Cumbria_England.html#REVIEWS
567,https://www.tripadvisor.co.uk/Hotel_Review-g1216979-d1215207-Reviews-Westley_Farm_Cottages_and_Glamping-Chalford_Stroud_Stroud_District_Cotswolds_England.html#REVIEWS
568,https://www.tripadvisor.co.uk/Hotel_Review-g1200192-d1886301-Reviews-Summerhill_Farm_Yurts-Hittisleigh_Devon_England.html#REVIEWS
569,https://www.tripadvisor.co.uk/Hotel_Review-g23332119-d23332060-Reviews-Wee_Hoose_Glamping_Pod_1-Skail_Scottish_Highlands_Scotland.html#REVIEWS
570,https://www.tripadvisor.co.uk/Hotel_Review-g315979-d23319434-Reviews-Bramble_Lodge_Glamping-Louth_Lincolnshire_England.html#REVIEWS
571,https://www.tripadvisor.co.uk/Hotel_Review-g190927-d20051383-Reviews-Glen_Helen_Glamping-Isle_of_Man.html#REVIEWS
572,https://www.tripadvisor.co.uk/Hotel_Review-g2077453-d11811053-Reviews-Greenway_Farm_Caravan_Camping_Site-Drybrook_Forest_of_Dean_Gloucestershire_England.html#REVIEWS
573,https://www.tripadvisor.co.uk/Hotel_Review-g1464316-d4877890-Reviews-The_Hollies_Camping_Leisure_Resort-Kessingland_Suffolk_East_Anglia_England.html#REVIEWS
574,https://www.tripadvisor.co.uk/Hotel_Review-g2691430-d8450044-Reviews-Clarion_Lodge_Campsite-Menston_West_Yorkshire_England.html#REVIEWS
575,https://www.tripadvisor.co.uk/Hotel_Review-g1096386-d9880045-Reviews-Swattesfield_Campsite-Thornham_Magna_Eye_Suffolk_East_Anglia_England.html#REVIEWS
576,https://www.tripadvisor.co.uk/Hotel_Review-g1426109-d10162560-Reviews-Knightstone_Farm_Glamping-Ottery_St_Mary_Devon_England.html#REVIEWS
577,https://www.tripadvisor.co.uk/Hotel_Review-g1060381-d23302132-Reviews-Shepherd_s_Loch_Glamping-Turriff_Aberdeenshire_Scotland.html#REVIEWS
578,https://www.tripadvisor.co.uk/Hotel_Review-g1473720-d4432136-Reviews-Tyn_Cornel_Camping-Frongoch_Bala_Snowdonia_National_Park_North_Wales_Wales.html#REVIEWS
579,https://www.tripadvisor.co.uk/Hotel_Review-g1200495-d3380119-Reviews-Ruberslaw_Wild_Woods_Camping-Denholm_Hawick_Scottish_Borders_Scotland.html#REVIEWS
580,https://www.tripadvisor.co.uk/Hotel_Review-g552009-d23577169-Reviews-Buckholt_House_Farm_Glamping-Monmouth_Monmouthshire_South_Wales_Wales.html#REVIEWS
581,https://www.tripadvisor.co.uk/Hotel_Review-g186587-d25015017-Reviews-Hidden_Horizon_Luxury_Glamping_Pods-Clydebank_West_Dunbartonshire_Loch_Lomond_and_The.html#REVIEWS
582,https://www.tripadvisor.co.uk/Hotel_Review-g186315-d21246606-Reviews-Glamping_at_Honnington_Farm-Royal_Tunbridge_Wells_Kent_England.html#REVIEWS
583,https://www.tripadvisor.co.uk/Hotel_Review-g635690-d21256797-Reviews-Loch_Shin_Glamping_Pods-Lairg_Caithness_and_Sutherland_Scottish_Highlands_Scotland.html#REVIEWS
584,https://www.tripadvisor.co.uk/Hotel_Review-g528895-d9877726-Reviews-Tremorvu_Camping_Glamping-Tresowes_Cornwall_England.html#REVIEWS
585,https://www.tripadvisor.co.uk/Hotel_Review-g6704385-d12691311-Reviews-Ideawood-Cosheston_Pembroke_Dock_Pembrokeshire_Wales.html#REVIEWS
586,https://www.tripadvisor.co.uk/Hotel_Review-g673265-d12146507-Reviews-Glamp_in_Style-Tetford_Lincolnshire_England.html#REVIEWS
587,https://www.tripadvisor.co.uk/Hotel_Review-g186405-d1793661-Reviews-Billycan_Camping-Arundel_Arun_District_West_Sussex_England.html#REVIEWS
588,https://www.tripadvisor.co.uk/Hotel_Review-g3175058-d3225966-Reviews-The_National_Diving_Activity_Centre_NDAC-Tidenham_Gloucestershire_England.html#REVIEWS
589,https://www.tripadvisor.co.uk/Hotel_Review-g186328-d8467427-Reviews-Beckses_Caravan_Park-Penrith_Eden_District_Lake_District_Cumbria_England.html#REVIEWS
590,https://www.tripadvisor.co.uk/Hotel_Review-g3380791-d21379784-Reviews-Glamping_With_Llamas-Walsoken_Norfolk_East_Anglia_England.html#REVIEWS
591,https://www.tripadvisor.co.uk/Hotel_Review-g7211219-d23197257-Reviews-Craskie_Glamping_Pods-Cannich_Scottish_Highlands_Scotland.html#REVIEWS
592,https://www.tripadvisor.co.uk/Hotel_Review-g186338-d2450361-Reviews-Abbey_Wood_Caravan_and_Motorhome_Club_Campsite-London_England.html#REVIEWS
593,https://www.tripadvisor.co.uk/Hotel_Review-g528828-d10696208-Reviews-Frogwell_Glamping-Callington_Cornwall_England.html#REVIEWS
594,https://www.tripadvisor.co.uk/Hotel_Review-g209951-d23440606-Reviews-Glens_Glamping-Cushendall_County_Antrim_Northern_Ireland.html#REVIEWS
595,https://www.tripadvisor.co.uk/Hotel_Review-g5970543-d10162621-Reviews-Featherlake_Glamping-Wendron_Helston_Cornwall_England.html#REVIEWS
596,https://www.tripadvisor.co.uk/Hotel_Review-g186431-d4560413-Reviews-Riverside_Camping-Caernarfon_Gwynedd_North_Wales_Wales.html#REVIEWS
597,https://www.tripadvisor.co.uk/Hotel_Review-g186328-d1910480-Reviews-Gill_Head_Farm_Self_catering_Holidays-Penrith_Eden_District_Lake_District_Cumbria_Engl.html#REVIEWS
598,https://www.tripadvisor.co.uk/Hotel_Review-g551845-d21374439-Reviews-The_Arns_Glamping_Pods-Bridge_of_Allan_Stirling_Scotland.html#REVIEWS
599,https://www.tripadvisor.co.uk/Hotel_Review-g672146-d23520866-Reviews-Horseshoe_Camping_And_Glamping-Pendine_Carmarthenshire_Wales.html#REVIEWS
